name,fname,lname,req_tests_15,req_tests_16,req_tests_17,req_tests_18,scaled_req_tests_15,scaled_req_tests_16,scaled_req_tests_17,scaled_req_tests_18,scaled_tests_15,scaled_tests_16,scaled_tests_17,scaled_tests_18,tests_15,tests_16,tests_17,tests_18
Abdul Razak Alhassan,Abdul,Razak Alhassan,,,2.0,0.0,,,2.0,2.2941176470588234,,,4.0,4.294117647058823,,,4.0,2.0
Abdul-Kerim Edilov,Abdul-Kerim,Edilov,,0.0,2.0,0.0,,0.0,2.0,0.1470588235294117,,2.0,4.0,2.1470588235294117,,2.0,4.0,1.0
Abel Trujillo,Abel,Trujillo,2.0,4.0,1.0,,5.934782608695651,4.0,1.0,,7.934782608695651,6.0,3.0,,4.0,6.0,3.0,
Abu Azaitar,Abu,Azaitar,,,,0.0,,,,0.1470588235294117,,,,2.1470588235294117,,,,1.0
Adam Hunter,Adam,Hunter,,0.0,,,,0.0,,,,2.0,,,,2.0,,
Adam Khaliev,Adam,Khaliev,,0.0,0.0,,,0.0,0.0,,,1.0,1.0,,,1.0,1.0,
Adam Milstead,Adam,Milstead,,0.0,1.0,1.0,,0.0,1.0,4.4411764705882355,,1.0,3.0,6.4411764705882355,,1.0,3.0,3.0
Adam Wieczorek,Adam,Wieczorek,,,2.0,0.0,,,2.0,0.1470588235294117,,,4.0,2.1470588235294117,,,4.0,1.0
Adriano Martins,Adriano,Martins,,2.0,3.0,,,2.0,3.0,,,4.0,5.0,,,4.0,5.0,
Aiemann Zahabi,Aiemann,Zahabi,,0.0,0.0,0.0,,0.0,0.0,2.2941176470588234,,2.0,2.0,4.294117647058823,,2.0,2.0,2.0
Aisling Daly,Aisling,Daly,,1.0,,,,1.0,,,,3.0,,,,3.0,,
Al Iaquinta,Al,Iaquinta,,1.0,6.0,1.0,,1.0,6.0,4.4411764705882355,,3.0,8.0,6.4411764705882355,,3.0,8.0,3.0
Alan Jouban,Alan,Jouban,0.0,2.0,4.0,0.0,0.0,2.0,4.0,0.1470588235294117,1.9836956521739129,4.0,6.0,2.1470588235294117,1.0,4.0,6.0,1.0
Alan Patrick,Alan,Patrick,,0.0,0.0,0.0,,0.0,0.0,2.2941176470588234,,1.0,2.0,4.294117647058823,,1.0,2.0,2.0
Albert Morales,Albert,Morales,,1.0,1.0,1.0,,1.0,1.0,4.4411764705882355,,3.0,3.0,6.4411764705882355,,3.0,3.0,3.0
Albert Tumenov,Albert,Tumenov,0.0,4.0,,,0.0,4.0,,,1.9836956521739129,6.0,,,1.0,6.0,,
Alberto Mina,Alberto,Mina,,0.0,0.0,1.0,,0.0,0.0,4.4411764705882355,,1.0,1.0,6.4411764705882355,,1.0,1.0,3.0
Alberto Uda,Alberto,Uda,,0.0,,,,0.0,,,,2.0,,,,2.0,,
Alejandro Perez,Alejandro,Perez,,4.0,1.0,0.0,,4.0,1.0,2.2941176470588234,,6.0,3.0,4.294117647058823,,6.0,3.0,2.0
Aleksander Rakic,Aleksander,Rakic,,,1.0,1.0,,,1.0,4.4411764705882355,,,3.0,6.4411764705882355,,,3.0,3.0
Aleksei Oleinik,Aleksei,Oleinik,,0.0,6.0,0.0,,0.0,6.0,2.2941176470588234,,2.0,8.0,4.294117647058823,,2.0,8.0,2.0
Alessio Di Chirico,Alessio,Di Chirico,,0.0,1.0,0.0,,0.0,1.0,2.2941176470588234,,2.0,3.0,4.294117647058823,,2.0,3.0,2.0
Alex Caceres,Alex,Caceres,,2.0,1.0,0.0,,2.0,1.0,2.2941176470588234,,4.0,3.0,4.294117647058823,,4.0,3.0,2.0
Alex Chambers,Alex,Chambers,0.0,0.0,2.0,0.0,0.0,0.0,2.0,0.1470588235294117,1.9836956521739129,1.0,4.0,2.1470588235294117,1.0,1.0,4.0,1.0
Alex De Oliveira,Alex,De Oliveira,0.0,1.0,3.0,0.0,0.0,1.0,3.0,0.1470588235294117,1.9836956521739129,3.0,5.0,2.1470588235294117,1.0,3.0,5.0,1.0
Alex Enlund,Alex,Enlund,,,0.0,,,,0.0,,,,2.0,,,,2.0,
Alex Garcia,Alex,Garcia,,6.0,1.0,0.0,,6.0,1.0,0.1470588235294117,,8.0,3.0,2.1470588235294117,,8.0,3.0,1.0
Alex Morono,Alex,Morono,,3.0,2.0,1.0,,3.0,2.0,4.4411764705882355,,5.0,4.0,6.4411764705882355,,5.0,4.0,3.0
Alex Nicholson,Alex,Nicholson,,2.0,0.0,,,2.0,0.0,,,4.0,2.0,,,4.0,2.0,
Alex Reyes,Alex,Reyes,,,0.0,1.0,,,0.0,4.4411764705882355,,,2.0,6.4411764705882355,,,2.0,3.0
Alex Ricci,Alex,Ricci,,,0.0,,,,0.0,,,,2.0,,,,2.0,
Alex Volkanovski,Alex,Volkanovski,,0.0,1.0,0.0,,0.0,1.0,2.2941176470588234,,1.0,3.0,4.294117647058823,,1.0,3.0,2.0
Alex White,Alex,White,,0.0,1.0,0.0,,0.0,1.0,0.1470588235294117,,1.0,3.0,2.1470588235294117,,1.0,3.0,1.0
Alexander Gustafsson,Alexander,Gustafsson,0.0,4.0,7.0,0.0,1.9673913043478257,4.0,7.0,2.2941176470588234,3.9673913043478257,6.0,9.0,4.294117647058823,2.0,6.0,9.0,2.0
Alexander Hernandez,Alexander,Hernandez,,,,0.0,,,,2.2941176470588234,,,,4.294117647058823,,,,2.0
Alexander Perez,Alexander,Perez,,,1.0,0.0,,,1.0,2.2941176470588234,,,3.0,4.294117647058823,,,3.0,2.0
Alexander Volkov,Alexander,Volkov,,0.0,4.0,3.0,,0.0,4.0,8.73529411764706,,1.0,6.0,10.73529411764706,,1.0,6.0,5.0
Alexander Yakovlev,Alexander,Yakovlev,,1.0,0.0,0.0,,1.0,0.0,2.2941176470588234,,3.0,1.0,4.294117647058823,,3.0,1.0,2.0
Alexandra Albu,Alexandra,Albu,,0.0,1.0,1.0,,0.0,1.0,4.4411764705882355,,1.0,3.0,6.4411764705882355,,1.0,3.0,3.0
Alexandre Pantoja,Alexandre,Pantoja,,,,0.0,,,,0.1470588235294117,,,,2.1470588235294117,,,,1.0
Alexandre Pantoja Passidomo,Alexandre Pantoja,Passidomo,,,7.0,0.0,,,7.0,0.1470588235294117,,,9.0,2.1470588235294117,,,9.0,1.0
Alexis Davis,Alexis,Davis,,1.0,10.0,2.0,,1.0,10.0,6.588235294117647,,3.0,12.0,8.588235294117647,,3.0,12.0,4.0
Ali Bagautinov,Ali,Bagautinov,1.0,2.0,,,3.9510869565217384,2.0,,,5.951086956521738,4.0,,,3.0,4.0,,
Alistair Overeem,Alistair,Overeem,2.0,5.0,9.0,0.0,5.934782608695651,5.0,9.0,2.2941176470588234,7.934782608695651,7.0,11.0,4.294117647058823,4.0,7.0,11.0,2.0
Aljamain Sterling,Aljamain,Sterling,0.0,7.0,10.0,1.0,0.0,7.0,10.0,4.4411764705882355,1.9836956521739129,9.0,12.0,6.4411764705882355,1.0,9.0,12.0,3.0
Allen Crowder II,Allen,Crowder II,,,0.0,0.0,,,0.0,2.2941176470588234,,,1.0,4.294117647058823,,,1.0,2.0
Alvaro Herrera Mendoza,Alvaro,Herrera Mendoza,,0.0,1.0,0.0,,0.0,1.0,0.1470588235294117,,1.0,3.0,2.1470588235294117,,1.0,3.0,1.0
Amanda Cooper,Amanda,Cooper,,2.0,1.0,0.0,,2.0,1.0,2.2941176470588234,,4.0,3.0,4.294117647058823,,4.0,3.0,2.0
Amanda Lemos,Amanda,Lemos,,,0.0,0.0,,,0.0,2.2941176470588234,,,1.0,4.294117647058823,,,1.0,2.0
Amanda Nunes,Amanda,Nunes,0.0,9.0,7.0,3.0,0.0,9.0,7.0,8.73529411764706,1.9836956521739129,11.0,9.0,10.73529411764706,1.0,11.0,9.0,5.0
Amanda Ribas,Amanda,Ribas,,,0.0,0.0,,,0.0,0.1470588235294117,,,1.0,2.1470588235294117,,,1.0,1.0
Anderson Silva,Anderson,Silva,,13.0,11.0,,,13.0,11.0,,,15.0,13.0,,,15.0,13.0,
Andre Fili,Andre,Fili,,1.0,2.0,1.0,,1.0,2.0,4.4411764705882355,,3.0,4.0,6.4411764705882355,,3.0,4.0,3.0
Andre Soukhamthath,Andre,Soukhamthath,,,3.0,0.0,,,3.0,2.2941176470588234,,,5.0,4.294117647058823,,,5.0,2.0
Andrea Lee Aaron,Andrea,Lee Aaron,,,0.0,1.0,,,0.0,4.4411764705882355,,,1.0,6.4411764705882355,,,1.0,3.0
Andreas Stahl,Andreas,Stahl,0.0,,,,0.0,,,,1.9836956521739129,,,,1.0,,,
Andrei Arlovski,Andrei,Arlovski,1.0,5.0,6.0,2.0,3.9510869565217384,5.0,6.0,6.588235294117647,5.951086956521738,7.0,8.0,8.588235294117647,3.0,7.0,8.0,4.0
Andrew Holbrook,Andrew,Holbrook,,1.0,1.0,0.0,,1.0,1.0,0.1470588235294117,,3.0,3.0,2.1470588235294117,,3.0,3.0,1.0
Andrew Sanchez,Andrew,Sanchez,,2.0,1.0,0.0,,2.0,1.0,0.1470588235294117,,4.0,3.0,2.1470588235294117,,4.0,3.0,1.0
Angela Hill,Angela,Hill,,,4.0,0.0,,,4.0,2.2941176470588234,,,6.0,4.294117647058823,,,6.0,2.0
Angela Magana,Angela,Magana,,,1.0,,,,1.0,,,,3.0,,,,3.0,
Anna Elmose,Anna,Elmose,,0.0,,,,0.0,,,,2.0,,,,2.0,,
Anthony Birchak,Anthony,Birchak,,1.0,,,,1.0,,,,3.0,,,,3.0,,
Anthony Hamilton,Anthony,Hamilton,,2.0,2.0,,,2.0,2.0,,,4.0,4.0,,,4.0,4.0,
Anthony Johnson,Anthony,Johnson,2.0,6.0,2.0,,5.934782608695651,6.0,2.0,,7.934782608695651,8.0,4.0,,4.0,8.0,4.0,
Anthony Pettis,Anthony,Pettis,0.0,6.0,10.0,0.0,0.0,6.0,10.0,2.2941176470588234,1.9836956521739129,8.0,12.0,4.294117647058823,1.0,8.0,12.0,2.0
Anthony Smith,Anthony,Smith,,2.0,1.0,1.0,,2.0,1.0,4.4411764705882355,,4.0,3.0,6.4411764705882355,,4.0,3.0,3.0
Anton Zafir,Anton,Zafir,,0.0,,,,0.0,,,,2.0,,,,2.0,,
Antonio Braga Neto,Antonio Braga,Neto,,,1.0,0.0,,,1.0,2.2941176470588234,,,3.0,4.294117647058823,,,3.0,2.0
Antonio Carlos Jr.,Antonio,Carlos Jr.,0.0,0.0,1.0,1.0,0.0,0.0,1.0,4.4411764705882355,1.9836956521739129,2.0,3.0,6.4411764705882355,1.0,2.0,3.0,3.0
Antonio Da Silva,Antonio,Da Silva,5.0,1.0,,,11.88586956521739,1.0,,,13.88586956521739,3.0,,,7.0,3.0,,
Antonio Rogerio Nogueira,Antonio Rogerio,Nogueira,,4.0,4.0,0.0,,4.0,4.0,2.2941176470588234,,6.0,6.0,4.294117647058823,,6.0,6.0,2.0
Ariel Beck,Ariel,Beck,,,0.0,,,,0.0,,,,1.0,,,,1.0,
Arjan Bhullar,Arjan,Bhullar,,,2.0,0.0,,,2.0,0.1470588235294117,,,4.0,2.1470588235294117,,,4.0,1.0
Arnold Allen,Arnold,Allen,,1.0,2.0,1.0,,1.0,2.0,4.4411764705882355,,3.0,4.0,6.4411764705882355,,3.0,4.0,3.0
Artem Lobov,Artem,Lobov,,1.0,1.0,0.0,,1.0,1.0,0.1470588235294117,,3.0,3.0,2.1470588235294117,,3.0,3.0,1.0
Ashkan Mokhtarian,Ashkan,Mokhtarian,,,2.0,0.0,,,2.0,0.1470588235294117,,,4.0,2.1470588235294117,,,4.0,1.0
Ashlee Evans-Smith,Ashlee,Evans-Smith,,4.0,6.0,0.0,,4.0,6.0,2.2941176470588234,,6.0,8.0,4.294117647058823,,6.0,8.0,2.0
Ashley Yoder,Ashley,Yoder,,0.0,1.0,1.0,,0.0,1.0,4.4411764705882355,,1.0,3.0,6.4411764705882355,,1.0,3.0,3.0
Aspen Ladd,Aspen,Ladd,,,1.0,1.0,,,1.0,4.4411764705882355,,,3.0,6.4411764705882355,,,3.0,3.0
Augusto Mendes,Augusto,Mendes,,0.0,4.0,0.0,,0.0,4.0,2.2941176470588234,,1.0,6.0,4.294117647058823,,1.0,6.0,2.0
Augusto Montano,Augusto,Montano,,0.0,,,,0.0,,,,2.0,,,,2.0,,
Austin Arnett,Austin,Arnett,,,,1.0,,,,4.4411764705882355,,,,6.4411764705882355,,,,3.0
Azamat Murzakanov,Azamat,Murzakanov,,,0.0,,,,0.0,,,,1.0,,,,1.0,
Azunna Anyanwu,Azunna,Anyanwu,,,0.0,1.0,,,0.0,4.4411764705882355,,,1.0,6.4411764705882355,,,1.0,3.0
BJ Penn,BJ,Penn,,4.0,0.0,,,4.0,0.0,,,6.0,2.0,,,6.0,2.0,
Barb Honchak,Barb,Honchak,,,0.0,0.0,,,0.0,2.2941176470588234,,,1.0,4.294117647058823,,,1.0,2.0
Bartosz Fabinski,Bartosz,Fabinski,,0.0,,0.0,,0.0,,2.2941176470588234,,1.0,,4.294117647058823,,1.0,,2.0
Bec Rawlings,Bec,Rawlings,,1.0,2.0,0.0,,1.0,2.0,0.1470588235294117,,3.0,4.0,2.1470588235294117,,3.0,4.0,1.0
Belal Muhammad,Belal,Muhammad,,3.0,1.0,0.0,,3.0,1.0,2.2941176470588234,,5.0,3.0,4.294117647058823,,5.0,3.0,2.0
Ben Henderson,Ben,Henderson,0.0,,,,1.9673913043478257,,,,3.9673913043478257,,,,2.0,,,
Ben Nguyen,Ben,Nguyen,,1.0,3.0,0.0,,1.0,3.0,2.2941176470588234,,3.0,5.0,4.294117647058823,,3.0,5.0,2.0
Ben Rothwell,Ben,Rothwell,0.0,7.0,0.0,0.0,0.0,7.0,0.0,2.2941176470588234,1.9836956521739129,9.0,2.0,4.294117647058823,1.0,9.0,2.0,2.0
Ben Saunders,Ben,Saunders,,4.0,0.0,0.0,,4.0,0.0,2.2941176470588234,,6.0,1.0,4.294117647058823,,6.0,1.0,2.0
Beneil Dariush,Beneil,Dariush,0.0,3.0,8.0,1.0,0.0,3.0,8.0,4.4411764705882355,1.9836956521739129,5.0,10.0,6.4411764705882355,1.0,5.0,10.0,3.0
Benito Francisco Lopez,Benito,Francisco Lopez,,,0.0,1.0,,,0.0,4.4411764705882355,,,1.0,6.4411764705882355,,,1.0,3.0
Bethe Correia,Bethe,Correia,2.0,1.0,3.0,0.0,5.934782608695651,1.0,3.0,0.1470588235294117,7.934782608695651,3.0,5.0,2.1470588235294117,4.0,3.0,5.0,1.0
Bobby Green,Bobby,Green,,0.0,2.0,0.0,,0.0,2.0,2.2941176470588234,,1.0,4.0,4.294117647058823,,1.0,4.0,2.0
Bobby Nash,Bobby,Nash,,,1.0,,,,1.0,,,,3.0,,,,3.0,
Bojan Mihajlovic,Bojan,Mihajlovic,,0.0,1.0,,,0.0,1.0,,,2.0,3.0,,,2.0,3.0,
Bojan Velickovic,Bojan,Velickovic,,0.0,2.0,,,0.0,2.0,,,2.0,4.0,,,2.0,4.0,
Boston Salmon,Boston,Salmon,,,0.0,0.0,,,0.0,2.2941176470588234,,,2.0,4.294117647058823,,,2.0,2.0
Brad Pickett,Brad,Pickett,,1.0,0.0,,,1.0,0.0,,,3.0,2.0,,,3.0,2.0,
Bradley Scott,Bradley,Scott,,0.0,1.0,1.0,,0.0,1.0,4.4411764705882355,,2.0,3.0,6.4411764705882355,,2.0,3.0,3.0
Bradley Tavares,Bradley,Tavares,,1.0,2.0,0.0,,1.0,2.0,2.2941176470588234,,3.0,4.0,4.294117647058823,,3.0,4.0,2.0
Brandon Davis,Brandon,Davis,,,0.0,2.0,,,0.0,6.588235294117647,,,2.0,8.588235294117647,,,2.0,4.0
Brandon Moreno,Brandon,Moreno,,0.0,3.0,1.0,,0.0,3.0,4.4411764705882355,,1.0,5.0,6.4411764705882355,,1.0,5.0,3.0
Brandon Thatch,Brandon,Thatch,,2.0,,,,2.0,,,,4.0,,,,4.0,,
Brendan O'Reilly,Brendan,O'Reilly,,0.0,,,,0.0,,,,2.0,,,,2.0,,
Brett Johns,Brett,Johns,,,2.0,0.0,,,2.0,2.2941176470588234,,,4.0,4.294117647058823,,,4.0,2.0
Brian Camozzi,Brian,Camozzi,,0.0,0.0,0.0,,0.0,0.0,2.2941176470588234,,1.0,2.0,4.294117647058823,,1.0,2.0,2.0
Brian Kelleher,Brian,Kelleher,,,4.0,0.0,,,4.0,2.2941176470588234,,,6.0,4.294117647058823,,,6.0,2.0
Brian Ortega,Brian,Ortega,0.0,6.0,7.0,2.0,0.0,6.0,7.0,6.588235294117647,1.9836956521739129,8.0,9.0,8.588235294117647,1.0,8.0,9.0,4.0
Brock Lesnar,Brock,Lesnar,,6.0,,,,6.0,,,,8.0,,,,8.0,,
Bryan Barberena,Bryan,Barberena,,2.0,1.0,0.0,,2.0,1.0,2.2941176470588234,,4.0,3.0,4.294117647058823,,4.0,3.0,2.0
Bryan Caraway,Bryan,Caraway,,3.0,2.0,1.0,,3.0,2.0,4.4411764705882355,,5.0,4.0,6.4411764705882355,,5.0,4.0,3.0
CB Dollaway,CB,Dollaway,,1.0,2.0,0.0,,1.0,2.0,2.2941176470588234,,3.0,4.0,4.294117647058823,,3.0,4.0,2.0
Cain Velasquez,Cain,Velasquez,0.0,9.0,6.0,0.0,1.9673913043478257,9.0,6.0,2.2941176470588234,3.9673913043478257,11.0,8.0,4.294117647058823,2.0,11.0,8.0,2.0
Caio Magalhaes,Caio,Magalhaes,,0.0,,,,0.0,,,,2.0,,,,2.0,,
Calvin Kattar,Calvin,Kattar,,,1.0,2.0,,,1.0,6.588235294117647,,,3.0,8.588235294117647,,,3.0,4.0
Carla Esparza,Carla,Esparza,,5.0,9.0,3.0,,5.0,9.0,8.73529411764706,,7.0,11.0,10.73529411764706,,7.0,11.0,5.0
Carlo Pedersoli,Carlo,Pedersoli,,,,0.0,,,,0.1470588235294117,,,,2.1470588235294117,,,,1.0
Carlos Condit,Carlos,Condit,0.0,7.0,6.0,2.0,1.9673913043478257,7.0,6.0,6.588235294117647,3.9673913043478257,9.0,8.0,8.588235294117647,2.0,9.0,8.0,4.0
Carlos Diego Ferreira,Carlos Diego,Ferreira,,1.0,3.0,0.0,,1.0,3.0,0.1470588235294117,,3.0,5.0,2.1470588235294117,,3.0,5.0,1.0
Carlos Felipe Cabral de Almeida,Carlos,Felipe Cabral de Almeida,,,0.0,,,,0.0,,,,1.0,,,,1.0,
Carls John de Tomas,Carls John,de Tomas,,,0.0,,,,0.0,,,,2.0,,,,2.0,
Cathal Pendred,Cathal,Pendred,0.0,,,,0.0,,,,1.9836956521739129,,,,1.0,,,
Cathilee Zingano,Cathilee,Zingano,,6.0,9.0,2.0,,6.0,9.0,6.588235294117647,,8.0,11.0,8.588235294117647,,8.0,11.0,4.0
Cesar Arzamendia,Cesar,Arzamendia,,0.0,,,,0.0,,,,1.0,,,,1.0,,
Cezar Ferreira,Cezar,Ferreira,0.0,2.0,1.0,0.0,1.9673913043478257,2.0,1.0,2.2941176470588234,3.9673913043478257,4.0,3.0,4.294117647058823,2.0,4.0,3.0,2.0
Chad Laprise,Chad,Laprise,0.0,2.0,1.0,0.0,0.0,2.0,1.0,2.2941176470588234,1.9836956521739129,4.0,3.0,4.294117647058823,1.0,4.0,3.0,2.0
Chad Mendes,Chad,Mendes,1.0,7.0,3.0,1.0,3.9510869565217384,7.0,3.0,4.4411764705882355,5.951086956521738,9.0,5.0,6.4411764705882355,3.0,9.0,5.0,3.0
Chael Sonnen,Chael,Sonnen,,2.0,,,,2.0,,,,4.0,,,,4.0,,
Chan Sung Jung,Chan Sung,Jung,,,3.0,0.0,,,3.0,0.1470588235294117,,,5.0,2.1470588235294117,,,5.0,1.0
Chan-mi Jeon,Chan-mi,Jeon,,,1.0,,,,1.0,,,,3.0,,,,3.0,
Charles Byrd Jr,Charles,Byrd Jr,,,0.0,1.0,,,0.0,4.4411764705882355,,,2.0,6.4411764705882355,,,2.0,3.0
Charles Oliveira,Charles,Oliveira,0.0,0.0,3.0,,0.0,0.0,3.0,,1.9836956521739129,2.0,5.0,,1.0,2.0,5.0,
Charles Rosa,Charles,Rosa,,0.0,2.0,1.0,,0.0,2.0,4.4411764705882355,,1.0,4.0,6.4411764705882355,,1.0,4.0,3.0
Charlie Ward,Charlie,Ward,,,1.0,,,,1.0,,,,3.0,,,,3.0,
Chas Skelly,Chas,Skelly,,1.0,1.0,0.0,,1.0,1.0,0.1470588235294117,,3.0,3.0,2.1470588235294117,,3.0,3.0,1.0
Chase Sherman,Chase,Sherman,,2.0,0.0,0.0,,2.0,0.0,2.2941176470588234,,4.0,2.0,4.294117647058823,,4.0,2.0,2.0
Chico Camus,Chico,Camus,0.0,,,,1.9673913043478257,,,,3.9673913043478257,,,,2.0,,,
Chris Avila,Chris,Avila,,0.0,0.0,,,0.0,0.0,,,1.0,1.0,,,1.0,1.0,
Chris Beal,Chris,Beal,,0.0,,,,0.0,,,,1.0,,,,1.0,,
Chris Camozzi,Chris,Camozzi,,2.0,0.0,,,2.0,0.0,,,4.0,1.0,,,4.0,1.0,
Chris De La Rocha,Chris,De La Rocha,,4.0,0.0,0.0,,4.0,0.0,2.2941176470588234,,6.0,2.0,4.294117647058823,,6.0,2.0,2.0
Chris Dempsey,Chris,Dempsey,,0.0,,,,0.0,,,,1.0,,,,1.0,,
Chris Gruetzemacher,Chris,Gruetzemacher,,0.0,2.0,3.0,,0.0,2.0,8.73529411764706,,2.0,4.0,10.73529411764706,,2.0,4.0,5.0
Chris Holdsworth,Chris,Holdsworth,,2.0,0.0,0.0,,2.0,0.0,2.2941176470588234,,4.0,2.0,4.294117647058823,,4.0,2.0,2.0
Chris Kelades,Chris,Kelades,,0.0,,,,0.0,,,,2.0,,,,2.0,,
Chris Wade,Chris,Wade,,1.0,1.0,,,1.0,1.0,,,3.0,3.0,,,3.0,3.0,
Chris Weidman,Chris,Weidman,2.0,7.0,7.0,1.0,5.934782608695651,7.0,7.0,4.4411764705882355,7.934782608695651,9.0,9.0,6.4411764705882355,4.0,9.0,9.0,3.0
Christian Colombo,Christian,Colombo,,0.0,0.0,,,0.0,0.0,,,2.0,2.0,,,2.0,2.0,
Christina Marks,Christina,Marks,,,0.0,,,,0.0,,,,1.0,,,,1.0,
Cindy Dandois,Cindy,Dandois,,,0.0,,,,0.0,,,,2.0,,,,2.0,
Claudia Gadelha,Claudia,Gadelha,0.0,6.0,7.0,1.0,1.9673913043478257,6.0,7.0,4.4411764705882355,3.9673913043478257,8.0,9.0,6.4411764705882355,2.0,8.0,9.0,3.0
Claudio Da Silva,Claudio,Da Silva,,,0.0,0.0,,,0.0,2.2941176470588234,,,2.0,4.294117647058823,,,2.0,2.0
Claudio Puelles,Claudio,Puelles,,,0.0,0.0,,,0.0,0.1470588235294117,,,2.0,2.1470588235294117,,,2.0,1.0
Clay Guida,Clay,Guida,0.0,4.0,0.0,0.0,1.9673913043478257,4.0,0.0,2.2941176470588234,3.9673913043478257,6.0,2.0,4.294117647058823,2.0,6.0,2.0,2.0
Clint Hester,Clint,Hester,,0.0,,,,0.0,,,,1.0,,,,1.0,,
Cody East,Cody,East,,1.0,,,,1.0,,,,3.0,,,,3.0,,
Cody Garbrandt,Cody,Garbrandt,,9.0,9.0,1.0,,9.0,9.0,4.4411764705882355,,11.0,11.0,6.4411764705882355,,11.0,11.0,3.0
Cody Pfister,Cody,Pfister,,1.0,,,,1.0,,,,3.0,,,,3.0,,
Cody Stamann,Cody,Stamann,,,1.0,1.0,,,1.0,4.4411764705882355,,,3.0,6.4411764705882355,,,3.0,3.0
Colby Covington,Colby,Covington,0.0,2.0,3.0,2.0,0.0,2.0,3.0,6.588235294117647,1.9836956521739129,4.0,5.0,8.588235294117647,1.0,4.0,5.0,4.0
Cole Miller,Cole,Miller,,4.0,,,,4.0,,,,6.0,,,,6.0,,
Conor McGregor,Conor,McGregor,6.0,9.0,4.0,1.0,13.869565217391303,9.0,4.0,4.4411764705882355,15.869565217391303,11.0,6.0,6.4411764705882355,8.0,11.0,6.0,3.0
Corey Anderson,Corey,Anderson,0.0,4.0,8.0,2.0,0.0,4.0,8.0,6.588235294117647,1.9836956521739129,6.0,10.0,8.588235294117647,1.0,6.0,10.0,4.0
Cortney Ann Casey-Sanchez,Cortney Ann,Casey-Sanchez,,2.0,4.0,1.0,,2.0,4.0,4.4411764705882355,,4.0,6.0,6.4411764705882355,,4.0,6.0,3.0
Cory Hendricks,Cory,Hendricks,,0.0,,,,0.0,,,,2.0,,,,2.0,,
Cory Sandhagen,Cory,Sandhagen,,,,0.0,,,,2.2941176470588234,,,,4.294117647058823,,,,2.0
Court McGee,Court,McGee,,1.0,1.0,0.0,,1.0,1.0,2.2941176470588234,,3.0,3.0,4.294117647058823,,3.0,3.0,2.0
Cristiane Justino,Cristiane,Justino,1.0,9.0,12.0,3.0,3.9510869565217384,9.0,12.0,8.73529411764706,5.951086956521738,11.0,14.0,10.73529411764706,3.0,11.0,14.0,5.0
Cristina Stanciu,Cristina,Stanciu,,0.0,,,,0.0,,,,1.0,,,,1.0,,
Curtis Blaydes,Curtis,Blaydes,,0.0,7.0,1.0,,0.0,7.0,4.4411764705882355,,1.0,9.0,6.4411764705882355,,1.0,9.0,3.0
Curtis Millender,Curtis,Millender,,,,1.0,,,,4.4411764705882355,,,,6.4411764705882355,,,,3.0
Cynthia Calvillo,Cynthia,Calvillo,,,9.0,2.0,,,9.0,6.588235294117647,,,11.0,8.588235294117647,,,11.0,4.0
Cyril Asker,Cyril,Asker,,0.0,1.0,1.0,,0.0,1.0,4.4411764705882355,,2.0,3.0,6.4411764705882355,,2.0,3.0,3.0
Daichi Abe,Daichi,Abe,,,1.0,0.0,,,1.0,0.1470588235294117,,,3.0,2.1470588235294117,,,3.0,1.0
Damian Grabowski,Damian,Grabowski,,2.0,0.0,,,2.0,0.0,,,4.0,1.0,,,4.0,1.0,
Damian Stasiak,Damian,Stasiak,,2.0,1.0,0.0,,2.0,1.0,2.2941176470588234,,4.0,3.0,4.294117647058823,,4.0,3.0,2.0
Damien Brown,Damien,Brown,,2.0,0.0,0.0,,2.0,0.0,2.2941176470588234,,4.0,2.0,4.294117647058823,,4.0,2.0,2.0
Damir Hadzovic,Damir,Hadzovic,,0.0,2.0,0.0,,0.0,2.0,2.2941176470588234,,1.0,4.0,4.294117647058823,,1.0,4.0,2.0
Damon Jackson,Damon,Jackson,,0.0,,,,0.0,,,,1.0,,,,1.0,,
Dan Castillo,Dan,Castillo,0.0,,,,0.0,,,,1.9836956521739129,,,,1.0,,,
Dan Henderson,Dan,Henderson,5.0,9.0,,,11.88586956521739,9.0,,,13.88586956521739,11.0,,,7.0,11.0,,
Dan Hooker,Dan,Hooker,,0.0,1.0,0.0,,0.0,1.0,0.1470588235294117,,2.0,3.0,2.1470588235294117,,2.0,3.0,1.0
Daniel Cormier,Daniel,Cormier,2.0,9.0,11.0,3.0,5.934782608695651,9.0,11.0,8.73529411764706,7.934782608695651,11.0,13.0,10.73529411764706,4.0,11.0,13.0,5.0
Daniel Ige,Daniel,Ige,,,,2.0,,,,6.588235294117647,,,,8.588235294117647,,,,4.0
Daniel Jolly,Daniel,Jolly,,0.0,0.0,,,0.0,0.0,,,2.0,2.0,,,2.0,2.0,
Daniel Kelly,Daniel,Kelly,,0.0,2.0,0.0,,0.0,2.0,0.1470588235294117,,2.0,4.0,2.1470588235294117,,2.0,4.0,1.0
Daniel Moret,Daniel,Moret,,,,0.0,,,,2.2941176470588234,,,,4.294117647058823,,,,2.0
Daniel Omielanczuk,Daniel,Omielanczuk,,2.0,1.0,,,2.0,1.0,,,4.0,3.0,,,4.0,3.0,
Daniel Sarafian,Daniel,Sarafian,,0.0,,,,0.0,,,,2.0,,,,2.0,,
Daniel Spitz,Daniel,Spitz,,,2.0,0.0,,,2.0,2.2941176470588234,,,4.0,4.294117647058823,,,4.0,2.0
Daniel Teymur,Daniel,Teymur,,,0.0,0.0,,,0.0,0.1470588235294117,,,1.0,2.1470588235294117,,,1.0,1.0
Danielle Taylor,Danielle,Taylor,,1.0,3.0,1.0,,1.0,3.0,4.4411764705882355,,3.0,5.0,6.4411764705882355,,3.0,5.0,3.0
Danny Henry,Danny,Henry,,,0.0,1.0,,,0.0,4.4411764705882355,,,1.0,6.4411764705882355,,,1.0,3.0
Danny Roberts,Danny,Roberts,,1.0,2.0,0.0,,1.0,2.0,0.1470588235294117,,3.0,4.0,2.1470588235294117,,3.0,4.0,1.0
Darko Stosic,Darko,Stosic,,,,0.0,,,,2.2941176470588234,,,,4.294117647058823,,,,2.0
Daron Cruickshank,Daron,Cruickshank,,0.0,,,,0.0,,,,2.0,,,,2.0,,
Darrell Horcher,Darrell,Horcher,,0.0,1.0,1.0,,0.0,1.0,4.4411764705882355,,2.0,3.0,6.4411764705882355,,2.0,3.0,3.0
Darren Elkins,Darren,Elkins,,4.0,9.0,2.0,,4.0,9.0,6.588235294117647,,6.0,11.0,8.588235294117647,,6.0,11.0,4.0
Darren Stewart,Darren,Stewart,,0.0,4.0,1.0,,0.0,4.0,4.4411764705882355,,2.0,6.0,6.4411764705882355,,2.0,6.0,3.0
Darren Till,Darren,Till,0.0,,3.0,3.0,1.9673913043478257,,3.0,8.73529411764706,3.9673913043478257,,5.0,10.73529411764706,2.0,,5.0,5.0
Davi Ramos,Davi,Ramos,,,2.0,1.0,,,2.0,4.4411764705882355,,,4.0,6.4411764705882355,,,4.0,3.0
David Branch,David,Branch,,,8.0,0.0,,,8.0,2.2941176470588234,,,10.0,4.294117647058823,,,10.0,2.0
David Grant,David,Grant,,2.0,0.0,0.0,,2.0,0.0,2.2941176470588234,,4.0,2.0,4.294117647058823,,4.0,2.0,2.0
David Joby Sanchez,David Joby,Sanchez,,,0.0,0.0,,,0.0,2.2941176470588234,,,1.0,4.294117647058823,,,1.0,2.0
David Teymur,David,Teymur,,0.0,3.0,0.0,,0.0,3.0,0.1470588235294117,,2.0,5.0,2.1470588235294117,,2.0,5.0,1.0
Deiveson Alcantara,Deiveson,Alcantara,,,2.0,1.0,,,2.0,4.4411764705882355,,,4.0,6.4411764705882355,,,4.0,3.0
Demetrious Johnson,Demetrious,Johnson,0.0,7.0,10.0,1.0,0.0,7.0,10.0,4.4411764705882355,1.9836956521739129,9.0,12.0,6.4411764705882355,1.0,9.0,12.0,3.0
Demian Maia,Demian,Maia,1.0,3.0,6.0,2.0,3.9510869565217384,3.0,6.0,6.588235294117647,5.951086956521738,5.0,8.0,8.588235294117647,3.0,5.0,8.0,4.0
Dennis Bermudez,Dennis,Bermudez,,5.0,8.0,1.0,,5.0,8.0,4.4411764705882355,,7.0,10.0,6.4411764705882355,,7.0,10.0,3.0
Dennis Siver,Dennis,Siver,,0.0,2.0,,,0.0,2.0,,,2.0,4.0,,,2.0,4.0,
Derek Brunson,Derek,Brunson,,3.0,9.0,2.0,,3.0,9.0,6.588235294117647,,5.0,11.0,8.588235294117647,,5.0,11.0,4.0
Derrick Lewis,Derrick,Lewis,,7.0,5.0,2.0,,7.0,5.0,6.588235294117647,,9.0,7.0,8.588235294117647,,9.0,7.0,4.0
Desmond Green,Desmond,Green,,,1.0,0.0,,,1.0,2.2941176470588234,,,3.0,4.294117647058823,,,3.0,2.0
Devin Clark,Devin,Clark,,0.0,2.0,2.0,,0.0,2.0,6.588235294117647,,2.0,4.0,8.588235294117647,,2.0,4.0,4.0
Devin Powell,Devin,Powell,,1.0,0.0,1.0,,1.0,0.0,4.4411764705882355,,3.0,2.0,6.4411764705882355,,3.0,2.0,3.0
Dhiego Lima,Dhiego,Lima,,,0.0,1.0,,,0.0,4.4411764705882355,,,2.0,6.4411764705882355,,,2.0,3.0
Diego Brandao,Diego,Brandao,0.0,0.0,,,0.0,0.0,,,1.9836956521739129,1.0,,,1.0,1.0,,
Diego Rivas,Diego,Rivas,,0.0,0.0,,,0.0,0.0,,,1.0,2.0,,,1.0,2.0,
Diego Sanchez,Diego,Sanchez,0.0,1.0,3.0,0.0,0.0,1.0,3.0,0.1470588235294117,1.9836956521739129,3.0,5.0,2.1470588235294117,1.0,3.0,5.0,1.0
Dileno Lopes,Dileno,Lopes,,0.0,,,,0.0,,,,1.0,,,,1.0,,
Dmitry Smolyakov,Dmitry,Smolyakov,,1.0,0.0,0.0,,1.0,0.0,0.1470588235294117,,3.0,2.0,2.1470588235294117,,3.0,2.0,1.0
Dmitry Sosnoviskiy,Dmitry,Sosnoviskiy,,1.0,0.0,0.0,,1.0,0.0,2.2941176470588234,,3.0,2.0,4.294117647058823,,3.0,2.0,2.0
Dominic Waters,Dominic,Waters,,0.0,,,,0.0,,,,1.0,,,,1.0,,
Dominick Cruz,Dominick,Cruz,0.0,12.0,8.0,2.0,0.0,12.0,8.0,6.588235294117647,1.9836956521739129,14.0,10.0,8.588235294117647,1.0,14.0,10.0,4.0
Dominick Reyes,Dominick,Reyes,,,0.0,0.0,,,0.0,2.2941176470588234,,,2.0,4.294117647058823,,,2.0,2.0
Dominique Steele,Dominique,Steele,0.0,1.0,0.0,,0.0,1.0,0.0,,1.9836956521739129,3.0,2.0,,1.0,3.0,2.0,
Don Madge,Don,Madge,,,,0.0,,,,0.1470588235294117,,,,2.1470588235294117,,,,1.0
Donald Cerrone,Donald,Cerrone,3.0,4.0,6.0,4.0,7.9184782608695645,4.0,6.0,10.882352941176471,9.918478260869565,6.0,8.0,12.882352941176471,5.0,6.0,8.0,6.0
Dong Hyun -Maestro- Kim,Dong Hyun -Maestro-,Kim,,1.0,0.0,0.0,,1.0,0.0,0.1470588235294117,,3.0,2.0,2.1470588235294117,,3.0,2.0,1.0
Dong Hyun Kim,Dong,Hyun Kim,,0.0,,,,0.0,,,,1.0,,,,1.0,,
Dong Hyun Kim,Dong Hyun,Kim,0.0,0.0,1.0,,0.0,0.0,1.0,,1.9836956521739129,2.0,3.0,,1.0,2.0,3.0,
Doo Ho Choi,Doo Ho,Choi,,2.0,4.0,0.0,,2.0,4.0,0.1470588235294117,,4.0,6.0,2.1470588235294117,,4.0,6.0,1.0
Douglas Silva,Douglas,Silva,,1.0,1.0,0.0,,1.0,1.0,0.1470588235294117,,3.0,3.0,2.1470588235294117,,3.0,3.0,1.0
Drakkar Klose,Drakkar,Klose,,,5.0,0.0,,,5.0,2.2941176470588234,,,7.0,4.294117647058823,,,7.0,2.0
Drew Dober,Drew,Dober,,6.0,0.0,2.0,,6.0,0.0,6.588235294117647,,8.0,2.0,8.588235294117647,,8.0,2.0,4.0
Dustin Ortiz,Dustin,Ortiz,,4.0,9.0,0.0,,4.0,9.0,2.2941176470588234,,6.0,11.0,4.294117647058823,,6.0,11.0,2.0
Dustin Poirier,Dustin,Poirier,2.0,5.0,8.0,3.0,5.934782608695651,5.0,8.0,8.73529411764706,7.934782608695651,7.0,10.0,10.73529411764706,4.0,7.0,10.0,5.0
Dymytrii Poberezhets,Dymytrii,Poberezhets,,,1.0,,,,1.0,,,,3.0,,,,3.0,
Ed Herman,Ed,Herman,,2.0,3.0,1.0,,2.0,3.0,4.4411764705882355,,4.0,5.0,6.4411764705882355,,4.0,5.0,3.0
Eddie Alvarez,Eddie,Alvarez,0.0,12.0,10.0,2.0,1.9673913043478257,12.0,10.0,6.588235294117647,3.9673913043478257,14.0,12.0,8.588235294117647,2.0,14.0,12.0,4.0
Eddie Wineland,Eddie,Wineland,,4.0,6.0,0.0,,4.0,6.0,2.2941176470588234,,6.0,8.0,4.294117647058823,,6.0,8.0,2.0
Edgar Garcia,Edgar,Garcia,,0.0,,,,0.0,,,,1.0,,,,1.0,,
Edson Barboza,Edson,Barboza,1.0,7.0,8.0,5.0,3.9510869565217384,7.0,8.0,13.029411764705884,5.951086956521738,9.0,10.0,15.029411764705884,3.0,9.0,10.0,7.0
Efrain Escudero,Efrain,Escudero,,0.0,,,,0.0,,,,1.0,,,,1.0,,
Elias Garcia,Elias,Garcia,,,,0.0,,,,2.2941176470588234,,,,4.294117647058823,,,,2.0
Elias Theodorou,Elias,Theodorou,0.0,0.0,3.0,1.0,1.9673913043478257,0.0,3.0,4.4411764705882355,3.9673913043478257,1.0,5.0,6.4411764705882355,2.0,1.0,5.0,3.0
Elizabeth Phillips,Elizabeth,Phillips,,1.0,,,,1.0,,,,3.0,,,,3.0,,
Elizeu Zaleski dos Santos,Elizeu,Zaleski dos Santos,,0.0,2.0,0.0,,0.0,2.0,2.2941176470588234,,2.0,4.0,4.294117647058823,,2.0,4.0,2.0
Elvis Mutapcic,Elvis,Mutapcic,,1.0,,,,1.0,,,,3.0,,,,3.0,,
Emil Weber Meek,Emil,Weber Meek,,5.0,0.0,0.0,,5.0,0.0,2.2941176470588234,,7.0,2.0,4.294117647058823,,7.0,2.0,2.0
Emily Whitmire,Emily,Whitmire,,,0.0,0.0,,,0.0,2.2941176470588234,,,1.0,4.294117647058823,,,1.0,2.0
Enrique Barzola,Enrique,Barzola,,0.0,0.0,0.0,,0.0,0.0,2.2941176470588234,,1.0,1.0,4.294117647058823,,1.0,1.0,2.0
Enrique Marin,Enrique,Marin,,0.0,,,,0.0,,,,1.0,,,,1.0,,
Eric Shelton,Eric,Shelton,,,4.0,0.0,,,4.0,2.2941176470588234,,,6.0,4.294117647058823,,,6.0,2.0
Eric Spicely,Eric,Spicely,,0.0,3.0,0.0,,0.0,3.0,2.2941176470588234,,1.0,5.0,4.294117647058823,,1.0,5.0,2.0
Erick Omar Montano,Erick Omar,Montano,,0.0,,,,0.0,,,,1.0,,,,1.0,,
Erick Silva,Erick,Silva,0.0,0.0,1.0,,0.0,0.0,1.0,,1.9836956521739129,2.0,3.0,,1.0,2.0,3.0,
Erik Koch,Erik,Koch,,0.0,0.0,0.0,,0.0,0.0,2.2941176470588234,,2.0,2.0,4.294117647058823,,2.0,2.0,2.0
Erik Perez,Erik,Perez,,2.0,,,,2.0,,,,4.0,,,,4.0,,
Eryk Anders,Eryk,Anders,,,0.0,2.0,,,0.0,6.588235294117647,,,2.0,8.588235294117647,,,2.0,4.0
Evan Dunham,Evan,Dunham,,3.0,7.0,0.0,,3.0,7.0,0.1470588235294117,,5.0,9.0,2.1470588235294117,,5.0,9.0,1.0
Fabio Maldonado,Fabio,Maldonado,0.0,,,,0.0,,,,1.9836956521739129,,,,1.0,,,
Fabricio Werdum,Fabricio,Werdum,2.0,9.0,6.0,3.0,5.934782608695651,9.0,6.0,8.73529411764706,7.934782608695651,11.0,8.0,10.73529411764706,4.0,11.0,8.0,5.0
Felice Herrig,Felice,Herrig,,1.0,7.0,1.0,,1.0,7.0,4.4411764705882355,,3.0,9.0,6.4411764705882355,,3.0,9.0,3.0
Felipe Arantes,Felipe,Arantes,,0.0,4.0,0.0,,0.0,4.0,2.2941176470588234,,2.0,6.0,4.294117647058823,,2.0,6.0,2.0
Felipe Silva,Felipe,Silva,,0.0,1.0,0.0,,0.0,1.0,2.2941176470588234,,1.0,3.0,4.294117647058823,,1.0,3.0,2.0
Fernando Bruno,Fernando,Bruno,,0.0,,,,0.0,,,,2.0,,,,2.0,,
Filip Pejic,Filip,Pejic,,0.0,,,,0.0,,,,1.0,,,,1.0,,
Francimar Barroso,Francimar,Barroso,,3.0,3.0,0.0,,3.0,3.0,2.2941176470588234,,5.0,5.0,4.294117647058823,,5.0,5.0,2.0
Francis Ngannou,Francis,Ngannou,0.0,1.0,9.0,2.0,0.0,1.0,9.0,6.588235294117647,1.9836956521739129,3.0,11.0,8.588235294117647,1.0,3.0,11.0,4.0
Francisco Mir,Francisco,Mir,0.0,1.0,,,1.9673913043478257,1.0,,,3.9673913043478257,3.0,,,2.0,3.0,,
Francisco Rivera,Francisco,Rivera,,1.0,,,,1.0,,,,3.0,,,,3.0,,
Francisco Trevino,Francisco,Trevino,0.0,,,,0.0,,,,1.9836956521739129,,,,1.0,,,
Francisco Trinaldo,Francisco,Trinaldo,0.0,2.0,4.0,0.0,0.0,2.0,4.0,2.2941176470588234,1.9836956521739129,4.0,6.0,4.294117647058823,1.0,4.0,6.0,2.0
Frank Camacho,Frank,Camacho,,,0.0,0.0,,,0.0,0.1470588235294117,,,2.0,2.1470588235294117,,,2.0,1.0
Frank Edgar,Frank,Edgar,1.0,5.0,9.0,4.0,3.9510869565217384,5.0,9.0,10.882352941176471,5.951086956521738,7.0,11.0,12.882352941176471,3.0,7.0,11.0,6.0
Frankie Perez,Frankie,Perez,,1.0,0.0,,,1.0,0.0,,,3.0,2.0,,,3.0,2.0,
Frankie Saenz,Frankie,Saenz,0.0,1.0,1.0,0.0,0.0,1.0,1.0,2.2941176470588234,1.9836956521739129,3.0,3.0,4.294117647058823,1.0,3.0,3.0,2.0
Fredy Serrano,Fredy,Serrano,,0.0,,,,0.0,,,,2.0,,,,2.0,,
Gabriel Benitez,Gabriel,Benitez,,2.0,2.0,1.0,,2.0,2.0,4.4411764705882355,,4.0,4.0,6.4411764705882355,,4.0,4.0,3.0
Gabriel Gonzaga,Gabriel,Gonzaga,,0.0,,,,0.0,,,,2.0,,,,2.0,,
Gadzhimurad Antigulov,Gadzhimurad,Antigulov,,0.0,3.0,0.0,,0.0,3.0,0.1470588235294117,,1.0,5.0,2.1470588235294117,,1.0,5.0,1.0
Galore Bofando,Galore,Bofando,,,2.0,,,,2.0,,,,4.0,,,,4.0,
Garreth McLellan,Garreth,McLellan,,1.0,0.0,,,1.0,0.0,,,3.0,1.0,,,3.0,1.0,
Gavin Tucker,Gavin,Tucker,,,1.0,,,,1.0,,,,3.0,,,,3.0,
Geane Herrera,Geane,Herrera,,0.0,,,,0.0,,,,2.0,,,,2.0,,
Gegard Mousasi,Gegard,Mousasi,0.0,6.0,0.0,,0.0,6.0,0.0,,1.9836956521739129,8.0,2.0,,1.0,8.0,2.0,
Geoffrey Neal,Geoffrey,Neal,,,0.0,0.0,,,0.0,2.2941176470588234,,,2.0,4.294117647058823,,,2.0,2.0
George Roop,George,Roop,0.0,,,,1.9673913043478257,,,,3.9673913043478257,,,,2.0,,,
George Sullivan,George,Sullivan,,3.0,2.0,0.0,,3.0,2.0,2.2941176470588234,,5.0,4.0,4.294117647058823,,5.0,4.0,2.0
Georges St-Pierre,Georges,St-Pierre,,2.0,7.0,1.0,,2.0,7.0,4.4411764705882355,,4.0,9.0,6.4411764705882355,,4.0,9.0,3.0
Gerald Meerschaert,Gerald,Meerschaert,,0.0,3.0,0.0,,0.0,3.0,0.1470588235294117,,1.0,5.0,2.1470588235294117,,1.0,5.0,1.0
Germaine De Randamie,Germaine,De Randamie,,1.0,5.0,0.0,,1.0,5.0,2.2941176470588234,,3.0,7.0,4.294117647058823,,3.0,7.0,2.0
Gian Villante,Gian,Villante,,2.0,8.0,2.0,,2.0,8.0,6.588235294117647,,4.0,10.0,8.588235294117647,,4.0,10.0,4.0
Gilbert Burns,Gilbert,Burns,0.0,2.0,2.0,1.0,0.0,2.0,2.0,4.4411764705882355,1.9836956521739129,4.0,4.0,6.4411764705882355,1.0,4.0,4.0,3.0
Gilbert Melendez,Gilbert,Melendez,,5.0,5.0,0.0,,5.0,5.0,2.2941176470588234,,7.0,7.0,4.294117647058823,,7.0,7.0,2.0
Gillian Robertson,Gillian,Robertson,,,,0.0,,,,2.2941176470588234,,,,4.294117647058823,,,,2.0
Gina Mazany,Gina,Mazany,,,2.0,0.0,,,2.0,2.2941176470588234,,,4.0,4.294117647058823,,,4.0,2.0
Glaico Franca,Glaico,Franca,,0.0,,,,0.0,,,,2.0,,,,2.0,,
Gleison Tibau,Gleison,Tibau,3.0,1.0,1.0,1.0,7.9184782608695645,1.0,1.0,4.4411764705882355,9.918478260869565,3.0,3.0,6.4411764705882355,5.0,3.0,3.0,3.0
Glover Teixeira,Glover,Teixeira,2.0,3.0,9.0,1.0,5.934782608695651,3.0,9.0,4.4411764705882355,7.934782608695651,5.0,11.0,6.4411764705882355,4.0,5.0,11.0,3.0
Godofredo Castro,Godofredo,Castro,,0.0,1.0,0.0,,0.0,1.0,0.1470588235294117,,1.0,3.0,2.1470588235294117,,1.0,3.0,1.0
Gokhan Saki,Gokhan,Saki,,,0.0,0.0,,,0.0,0.1470588235294117,,,1.0,2.1470588235294117,,,1.0,1.0
Goodfredo Pepey,Goodfredo,Pepey,,,0.0,,,,0.0,,,,1.0,,,,1.0,
Grant Dawson,Grant,Dawson,,,0.0,0.0,,,0.0,0.1470588235294117,,,2.0,2.1470588235294117,,,2.0,1.0
Gray Maynard,Gray,Maynard,,3.0,2.0,0.0,,3.0,2.0,2.2941176470588234,,5.0,4.0,4.294117647058823,,5.0,4.0,2.0
Gregor Gillespie,Gregor,Gillespie,,0.0,2.0,0.0,,0.0,2.0,2.2941176470588234,,2.0,4.0,4.294117647058823,,2.0,4.0,2.0
Guan Wang,Guan,Wang,,,0.0,0.0,,,0.0,0.1470588235294117,,,2.0,2.1470588235294117,,,2.0,1.0
Guido Cannetti,Guido,Cannetti,,0.0,0.0,0.0,,0.0,0.0,2.2941176470588234,,1.0,1.0,4.294117647058823,,1.0,1.0,2.0
Gunnar Nelson,Gunnar,Nelson,0.0,1.0,4.0,0.0,1.9673913043478257,1.0,4.0,0.1470588235294117,3.9673913043478257,3.0,6.0,2.1470588235294117,2.0,3.0,6.0,1.0
Hacran Dias,Hacran,Dias,,3.0,4.0,,,3.0,4.0,,,5.0,6.0,,,5.0,6.0,
Hakeem Dawodu,Hakeem,Dawodu,,,,1.0,,,,4.4411764705882355,,,,6.4411764705882355,,,,3.0
Hayder Hassan,Hayder,Hassan,1.0,0.0,,,3.9510869565217384,0.0,,,5.951086956521738,1.0,,,3.0,1.0,,
Heather Jo Clark,Heather Jo,Clark,,1.0,1.0,,,1.0,1.0,,,3.0,3.0,,,3.0,3.0,
Hector Aldana,Hector,Aldana,,,1.0,0.0,,,1.0,0.1470588235294117,,,3.0,2.1470588235294117,,,3.0,1.0
Hector Lombard,Hector,Lombard,,6.0,4.0,3.0,,6.0,4.0,8.73529411764706,,8.0,6.0,10.73529411764706,,8.0,6.0,5.0
Hector Sandoval,Hector,Sandoval,,3.0,2.0,1.0,,3.0,2.0,4.4411764705882355,,5.0,4.0,6.4411764705882355,,5.0,4.0,3.0
Hector Urbina,Hector,Urbina,,3.0,,,,3.0,,,,5.0,,,,5.0,,
Henrique da Silva,Henrique,da Silva,,0.0,,,,0.0,,,,2.0,,,,2.0,,
Henry Briones,Henry,Briones,,1.0,1.0,0.0,,1.0,1.0,0.1470588235294117,,3.0,3.0,2.1470588235294117,,3.0,3.0,1.0
Henry Cejudo,Henry,Cejudo,0.0,4.0,8.0,2.0,1.9673913043478257,4.0,8.0,6.588235294117647,3.9673913043478257,6.0,10.0,8.588235294117647,2.0,6.0,10.0,4.0
Holly Holm,Holly,Holm,5.0,8.0,13.0,1.0,11.88586956521739,8.0,13.0,4.4411764705882355,13.88586956521739,10.0,15.0,6.4411764705882355,7.0,10.0,15.0,3.0
Horacio Gutierrez,Horacio,Gutierrez,,0.0,,,,0.0,,,,1.0,,,,1.0,,
Humberto Bandenay,Humberto,Bandenay,,,0.0,0.0,,,0.0,0.1470588235294117,,,2.0,2.1470588235294117,,,2.0,1.0
Hyun Gyu Lim,Hyun Gyu,Lim,,0.0,1.0,,,0.0,1.0,,,1.0,3.0,,,1.0,3.0,
Ian Entwistle,Ian,Entwistle,,1.0,0.0,,,1.0,0.0,,,3.0,1.0,,,3.0,1.0,
Ian McCall,Ian,McCall,,5.0,4.0,,,5.0,4.0,,,7.0,6.0,,,7.0,6.0,
Igor Pokrajac,Igor,Pokrajac,,3.0,0.0,,,3.0,0.0,,,5.0,1.0,,,5.0,1.0,
Ilir Latifi,Ilir,Latifi,,3.0,6.0,0.0,,3.0,6.0,2.2941176470588234,,5.0,8.0,4.294117647058823,,5.0,8.0,2.0
Ion Cutelaba,Ion,Cutelaba,,1.0,1.0,0.0,,1.0,1.0,0.1470588235294117,,3.0,3.0,2.1470588235294117,,3.0,3.0,1.0
Irene Aldana Robles,Irene,Aldana Robles,,,4.0,0.0,,,4.0,0.1470588235294117,,,6.0,2.1470588235294117,,,6.0,1.0
Islam Makhachev,Islam,Makhachev,,3.0,2.0,1.0,,3.0,2.0,4.4411764705882355,,5.0,4.0,6.4411764705882355,,5.0,4.0,3.0
Israel Adesanya,Israel,Adesanya,,,,1.0,,,,4.4411764705882355,,,,6.4411764705882355,,,,3.0
Iuri Alcantara,Iuri,Alcantara,,1.0,3.0,0.0,,1.0,3.0,2.2941176470588234,,3.0,5.0,4.294117647058823,,3.0,5.0,2.0
JC Cottrell,JC,Cottrell,,2.0,,,,2.0,,,,4.0,,,,4.0,,
JJ Aldrich,JJ,Aldrich,,0.0,2.0,2.0,,0.0,2.0,6.588235294117647,,2.0,4.0,8.588235294117647,,2.0,4.0,4.0
Jack Hermansson,Jack,Hermansson,,2.0,0.0,0.0,,2.0,0.0,2.2941176470588234,,4.0,2.0,4.294117647058823,,4.0,2.0,2.0
Jack Marshman,Jack,Marshman,,0.0,1.0,0.0,,0.0,1.0,0.1470588235294117,,2.0,3.0,2.1470588235294117,,2.0,3.0,1.0
Jake Collier,Jake,Collier,,0.0,2.0,0.0,,0.0,2.0,2.2941176470588234,,1.0,4.0,4.294117647058823,,1.0,4.0,2.0
Jake Ellenberger,Jake,Ellenberger,,2.0,2.0,0.0,,2.0,2.0,2.2941176470588234,,4.0,4.0,4.294117647058823,,4.0,4.0,2.0
Jake Matthews,Jake,Matthews,,2.0,0.0,1.0,,2.0,0.0,4.4411764705882355,,4.0,1.0,6.4411764705882355,,4.0,1.0,3.0
James Bochnovic,James,Bochnovic,,,0.0,0.0,,,0.0,2.2941176470588234,,,2.0,4.294117647058823,,,2.0,2.0
James Hettes,James,Hettes,,0.0,0.0,,,0.0,0.0,,,2.0,2.0,,,2.0,2.0,
James Krause,James,Krause,,1.0,0.0,0.0,,1.0,0.0,2.2941176470588234,,3.0,2.0,4.294117647058823,,3.0,2.0,2.0
James Moontasri,James,Moontasri,,2.0,,,,2.0,,,,4.0,,,,4.0,,
James Mulheron,James,Mulheron,,,1.0,1.0,,,1.0,4.4411764705882355,,,3.0,6.4411764705882355,,,3.0,3.0
James Te Huna,James,Te Huna,,0.0,,,,0.0,,,,1.0,,,,1.0,,
James Vick,James,Vick,,0.0,2.0,0.0,,0.0,2.0,2.2941176470588234,,2.0,4.0,4.294117647058823,,2.0,4.0,2.0
Jamie Moyle,Jamie,Moyle,,1.0,0.0,0.0,,1.0,0.0,2.2941176470588234,,3.0,2.0,4.294117647058823,,3.0,2.0,2.0
Jan Blachowicz,Jan,Blachowicz,0.0,0.0,5.0,0.0,0.0,0.0,5.0,2.2941176470588234,1.9836956521739129,2.0,7.0,4.294117647058823,1.0,2.0,7.0,2.0
Jared Cannonier,Jared,Cannonier,,0.0,2.0,0.0,,0.0,2.0,2.2941176470588234,,2.0,4.0,4.294117647058823,,2.0,4.0,2.0
Jared Gordon,Jared,Gordon,,,2.0,0.0,,,2.0,2.2941176470588234,,,4.0,4.294117647058823,,,4.0,2.0
Jared Rosholt,Jared,Rosholt,0.0,0.0,,,1.9673913043478257,0.0,,,3.9673913043478257,2.0,,,2.0,2.0,,
Jarjis Danho,Jarjis,Danho,,0.0,0.0,0.0,,0.0,0.0,0.1470588235294117,,2.0,1.0,2.1470588235294117,,2.0,1.0,1.0
Jarred Brooks,Jarred,Brooks,,,2.0,0.0,,,2.0,2.2941176470588234,,,4.0,4.294117647058823,,,4.0,2.0
Jason Gonzalez,Jason,Gonzalez,,1.0,0.0,0.0,,1.0,0.0,2.2941176470588234,,3.0,2.0,4.294117647058823,,3.0,2.0,2.0
Jason Knight,Jason,Knight,,0.0,5.0,0.0,,0.0,5.0,0.1470588235294117,,1.0,7.0,2.1470588235294117,,1.0,7.0,1.0
Jason Novelli,Jason,Novelli,,5.0,0.0,,,5.0,0.0,,,7.0,2.0,,,7.0,2.0,
Jason Saggo,Jason,Saggo,,3.0,1.0,,,3.0,1.0,,,5.0,3.0,,,5.0,3.0,
Jenel Lausa,Jenel,Lausa,,0.0,3.0,0.0,,0.0,3.0,0.1470588235294117,,1.0,5.0,2.1470588235294117,,1.0,5.0,1.0
Jennifer Maia,Jennifer,Maia,,,,0.0,,,,0.1470588235294117,,,,2.1470588235294117,,,,1.0
Jeremy Kennedy,Jeremy,Kennedy,,0.0,4.0,0.0,,0.0,4.0,0.1470588235294117,,2.0,6.0,2.1470588235294117,,2.0,6.0,1.0
Jeremy Kimball,Jeremy,Kimball,,,2.0,0.0,,,2.0,0.1470588235294117,,,4.0,2.1470588235294117,,,4.0,1.0
Jeremy Stephens,Jeremy,Stephens,,4.0,11.0,2.0,,4.0,11.0,6.588235294117647,,6.0,13.0,8.588235294117647,,6.0,13.0,4.0
Jerrod Sanders,Jerrod,Sanders,,0.0,,,,0.0,,,,1.0,,,,1.0,,
Jessamyn Duke,Jessamyn,Duke,,0.0,,,,0.0,,,,2.0,,,,2.0,,
Jesse Taylor,Jesse,Taylor,,,0.0,,,,0.0,,,,2.0,,,,2.0,
Jessica Aguilar,Jessica,Aguilar,,3.0,4.0,0.0,,3.0,4.0,2.2941176470588234,,5.0,6.0,4.294117647058823,,5.0,6.0,2.0
Jessica Andrade,Jessica,Andrade,,2.0,9.0,1.0,,2.0,9.0,4.4411764705882355,,4.0,11.0,6.4411764705882355,,4.0,11.0,3.0
Jessica Eye,Jessica,Eye,3.0,5.0,4.0,1.0,7.9184782608695645,5.0,4.0,4.4411764705882355,9.918478260869565,7.0,6.0,6.4411764705882355,5.0,7.0,6.0,3.0
Jessica Penne,Jessica,Penne,,4.0,0.0,0.0,,4.0,0.0,2.2941176470588234,,6.0,2.0,4.294117647058823,,6.0,2.0,2.0
Jessica-Rose Clark,Jessica-Rose,Clark,,,0.0,1.0,,,0.0,4.4411764705882355,,,1.0,6.4411764705882355,,,1.0,3.0
Jessin Ayari,Jessin,Ayari,,0.0,0.0,0.0,,0.0,0.0,0.1470588235294117,,2.0,2.0,2.1470588235294117,,2.0,2.0,1.0
Ji Yeon Kim,Ji,Yeon Kim,,,0.0,0.0,,,0.0,2.2941176470588234,,,2.0,4.294117647058823,,,2.0,2.0
Jim Alers,Jim,Alers,,0.0,,,,0.0,,,,2.0,,,,2.0,,
Jim Miller,Jim,Miller,,1.0,1.0,0.0,,1.0,1.0,2.2941176470588234,,3.0,3.0,4.294117647058823,,3.0,3.0,2.0
Jim Wallhead,Jim,Wallhead,,0.0,2.0,0.0,,0.0,2.0,0.1470588235294117,,2.0,4.0,2.1470588235294117,,2.0,4.0,1.0
Jimi Manuwa,Jimi,Manuwa,1.0,2.0,1.0,0.0,3.9510869565217384,2.0,1.0,2.2941176470588234,5.951086956521738,4.0,3.0,4.294117647058823,3.0,4.0,3.0,2.0
Jimmie Rivera,Jimmie,Rivera,,4.0,8.0,2.0,,4.0,8.0,6.588235294117647,,6.0,10.0,8.588235294117647,,6.0,10.0,4.0
Joachim Christensen,Joachim,Christensen,,2.0,0.0,,,2.0,0.0,,,4.0,1.0,,,4.0,1.0,
Joanna Jedrzejczyk,Joanna,Jedrzejczyk,1.0,7.0,7.0,2.0,3.9510869565217384,7.0,7.0,6.588235294117647,5.951086956521738,9.0,9.0,8.588235294117647,3.0,9.0,9.0,4.0
Joanne Calderwood,Joanne,Calderwood,0.0,5.0,2.0,1.0,0.0,5.0,2.0,4.4411764705882355,1.9836956521739129,7.0,4.0,6.4411764705882355,1.0,7.0,4.0,3.0
Joaquim Silva,Joaquim,Silva,,0.0,2.0,0.0,,0.0,2.0,2.2941176470588234,,2.0,4.0,4.294117647058823,,2.0,4.0,2.0
Jocelyn Jones-Lybarger,Jocelyn,Jones-Lybarger,,0.0,1.0,,,0.0,1.0,,,1.0,3.0,,,1.0,3.0,
Jodierae Esquibel,Jodierae,Esquibel,,,0.0,0.0,,,0.0,2.2941176470588234,,,1.0,4.294117647058823,,,1.0,2.0
Joe Ellenberger,Joe,Ellenberger,,0.0,1.0,0.0,,0.0,1.0,2.2941176470588234,,1.0,3.0,4.294117647058823,,1.0,3.0,2.0
Joe Lauzon,Joe,Lauzon,,1.0,3.0,0.0,,1.0,3.0,0.1470588235294117,,3.0,5.0,2.1470588235294117,,3.0,5.0,1.0
Joe Proctor,Joe,Proctor,,0.0,0.0,,,0.0,0.0,,,2.0,2.0,,,2.0,2.0,
Joe Riggs,Joe,Riggs,,0.0,,,,0.0,,,,1.0,,,,1.0,,
Joe Soto,Joe,Soto,,0.0,2.0,0.0,,0.0,2.0,0.1470588235294117,,1.0,4.0,2.1470588235294117,,1.0,4.0,1.0
Joey Gomez,Joey,Gomez,,2.0,,,,2.0,,,,4.0,,,,4.0,,
John Dodson,John,Dodson,0.0,6.0,8.0,2.0,0.0,6.0,8.0,6.588235294117647,1.9836956521739129,8.0,10.0,8.588235294117647,1.0,8.0,10.0,4.0
John Hathaway,John,Hathaway,,0.0,0.0,0.0,,0.0,0.0,2.2941176470588234,,1.0,2.0,4.294117647058823,,1.0,2.0,2.0
John Lineker,John,Lineker,,5.0,5.0,0.0,,5.0,5.0,2.2941176470588234,,7.0,7.0,4.294117647058823,,7.0,7.0,2.0
John Makdessi,John,Makdessi,,1.0,0.0,0.0,,1.0,0.0,0.1470588235294117,,3.0,2.0,2.1470588235294117,,3.0,2.0,1.0
John Moraga,John,Moraga,,5.0,6.0,2.0,,5.0,6.0,6.588235294117647,,7.0,8.0,8.588235294117647,,7.0,8.0,4.0
John Phillips,John,Phillips,,,2.0,0.0,,,2.0,0.1470588235294117,,,4.0,2.1470588235294117,,,4.0,1.0
Johnny Case,Johnny,Case,,0.0,1.0,,,0.0,1.0,,,2.0,3.0,,,2.0,3.0,
Johnny Eduardo,Johnny,Eduardo,0.0,0.0,6.0,0.0,0.0,0.0,6.0,0.1470588235294117,1.9836956521739129,2.0,8.0,2.1470588235294117,1.0,2.0,8.0,1.0
Johny Hendricks,Johny,Hendricks,0.0,11.0,7.0,1.0,1.9673913043478257,11.0,7.0,4.4411764705882355,3.9673913043478257,13.0,9.0,6.4411764705882355,2.0,13.0,9.0,3.0
Jon Jones,Jon,Jones,0.0,5.0,7.0,,1.9673913043478257,5.0,7.0,,3.9673913043478257,7.0,9.0,,2.0,7.0,9.0,
Jon Tuck,Jon,Tuck,,0.0,0.0,0.0,,0.0,0.0,0.1470588235294117,,2.0,2.0,2.1470588235294117,,2.0,2.0,1.0
Jonathan Meunier,Jonathan,Meunier,,0.0,0.0,,,0.0,0.0,,,2.0,2.0,,,2.0,2.0,
Jonathan Wilson,Jonathan,Wilson,,2.0,3.0,,,2.0,3.0,,,4.0,5.0,,,4.0,5.0,
Jordan Johnson,Jordan,Johnson,,,1.0,1.0,,,1.0,4.4411764705882355,,,3.0,6.4411764705882355,,,3.0,3.0
Jordan Mein,Jordan,Mein,,2.0,1.0,0.0,,2.0,1.0,2.2941176470588234,,4.0,3.0,4.294117647058823,,4.0,3.0,2.0
Jordan Rinaldi,Jordan,Rinaldi,,1.0,0.0,0.0,,1.0,0.0,2.2941176470588234,,3.0,2.0,4.294117647058823,,3.0,2.0,2.0
Jorge Masvidal,Jorge,Masvidal,0.0,1.0,6.0,1.0,0.0,1.0,6.0,4.4411764705882355,1.9836956521739129,3.0,8.0,6.4411764705882355,1.0,3.0,8.0,3.0
Jose Aldo,Jose,Aldo,6.0,4.0,6.0,2.0,13.869565217391303,4.0,6.0,6.588235294117647,15.869565217391303,6.0,8.0,8.588235294117647,8.0,6.0,8.0,4.0
Jose Quinonez,Jose,Quinonez,,0.0,0.0,1.0,,0.0,0.0,4.4411764705882355,,1.0,2.0,6.4411764705882355,,1.0,2.0,3.0
Joseph Benavidez,Joseph,Benavidez,0.0,5.0,10.0,2.0,0.0,5.0,10.0,6.588235294117647,1.9836956521739129,7.0,12.0,8.588235294117647,1.0,7.0,12.0,4.0
Joseph Duffy,Joseph,Duffy,1.0,2.0,2.0,0.0,3.9510869565217384,2.0,2.0,0.1470588235294117,5.951086956521738,4.0,4.0,2.1470588235294117,3.0,4.0,4.0,1.0
Joseph Gigliotti,Joseph,Gigliotti,,4.0,,,,4.0,,,,6.0,,,,6.0,,
Joseph Morales,Joseph,Morales,,,1.0,1.0,,,1.0,4.4411764705882355,,,3.0,6.4411764705882355,,,3.0,3.0
Josh Barnett,Josh,Barnett,0.0,11.0,,,0.0,11.0,,,1.9836956521739129,13.0,,,1.0,13.0,,
Josh Burkman,Josh,Burkman,,7.0,3.0,0.0,,7.0,3.0,0.1470588235294117,,9.0,5.0,2.1470588235294117,,9.0,5.0,1.0
Josh Emmett,Josh,Emmett,,1.0,4.0,2.0,,1.0,4.0,6.588235294117647,,3.0,6.0,8.588235294117647,,3.0,6.0,4.0
Josh Samman,Josh,Samman,2.0,0.0,,,5.934782608695651,0.0,,,7.934782608695651,1.0,,,4.0,1.0,,
Josh Stansbury,Josh,Stansbury,,1.0,0.0,,,1.0,0.0,,,3.0,1.0,,,3.0,1.0,
Julian Marquez,Julian,Marquez,,,1.0,0.0,,,1.0,2.2941176470588234,,,3.0,4.294117647058823,,,3.0,2.0
Juliana Lima,Juliana,Lima,,6.0,3.0,0.0,,6.0,3.0,2.2941176470588234,,8.0,5.0,4.294117647058823,,8.0,5.0,2.0
Julianna Pena,Julianna,Pena,0.0,3.0,6.0,1.0,0.0,3.0,6.0,4.4411764705882355,1.9836956521739129,5.0,8.0,6.4411764705882355,1.0,5.0,8.0,3.0
Julio Andres Arce,Julio,Andres Arce,,,,1.0,,,,4.4411764705882355,,,,6.4411764705882355,,,,3.0
Junior Albini,Junior,Albini,,,0.0,0.0,,,0.0,2.2941176470588234,,,2.0,4.294117647058823,,,2.0,2.0
Junior Dos Santos,Junior,Dos Santos,3.0,5.0,6.0,1.0,7.9184782608695645,5.0,6.0,4.4411764705882355,9.918478260869565,7.0,8.0,6.4411764705882355,5.0,7.0,8.0,3.0
Jussier Formiga,Jussier,Formiga,0.0,2.0,1.0,1.0,0.0,2.0,1.0,4.4411764705882355,1.9836956521739129,4.0,3.0,6.4411764705882355,1.0,4.0,3.0,3.0
Justin Gaethje,Justin,Gaethje,,,8.0,3.0,,,8.0,8.73529411764706,,,10.0,10.73529411764706,,,10.0,5.0
Justin Ledet,Justin,Ledet,,3.0,2.0,0.0,,3.0,2.0,2.2941176470588234,,5.0,4.0,4.294117647058823,,5.0,4.0,2.0
Justin Salas,Justin,Salas,,0.0,,,,0.0,,,,1.0,,,,1.0,,
Justin Scoggins,Justin,Scoggins,,3.0,0.0,0.0,,3.0,0.0,2.2941176470588234,,5.0,2.0,4.294117647058823,,5.0,2.0,2.0
Justin Willis,Justin,Willis,,,2.0,0.0,,,2.0,2.2941176470588234,,,4.0,4.294117647058823,,,4.0,2.0
Justine Kish,Justine,Kish,,1.0,0.0,0.0,,1.0,0.0,2.2941176470588234,,3.0,2.0,4.294117647058823,,3.0,2.0,2.0
KJ Noons,KJ,Noons,,0.0,,,,0.0,,,,2.0,,,,2.0,,
Kailin Curran,Kailin,Curran,,0.0,3.0,,,0.0,3.0,,,2.0,5.0,,,2.0,5.0,
Kajan Johnson,Kajan,Johnson,,0.0,0.0,0.0,,0.0,0.0,0.1470588235294117,,2.0,2.0,2.1470588235294117,,2.0,2.0,1.0
Kalindra Walquiria De Carvalho Faria,Kalindra,Walquiria De Carvalho Faria,,,,0.0,,,,0.1470588235294117,,,,2.1470588235294117,,,,1.0
Kamarudeen Usman,Kamarudeen,Usman,0.0,4.0,7.0,1.0,1.9673913043478257,4.0,7.0,4.4411764705882355,3.9673913043478257,6.0,9.0,6.4411764705882355,2.0,6.0,9.0,3.0
Karen Alexa Grasso Montes,Karen Alexa,Grasso Montes,,0.0,3.0,0.0,,0.0,3.0,0.1470588235294117,,1.0,5.0,2.1470588235294117,,1.0,5.0,1.0
Karine Gevorgyan,Karine,Gevorgyan,,,0.0,,,,0.0,,,,1.0,,,,1.0,
Karl Roberson,Karl,Roberson,,,1.0,0.0,,,1.0,2.2941176470588234,,,3.0,4.294117647058823,,,3.0,2.0
Karolina Kowalkiewicz,Karolina,Kowalkiewicz,,5.0,3.0,0.0,,5.0,3.0,2.2941176470588234,,7.0,5.0,4.294117647058823,,7.0,5.0,2.0
Katlyn Chookagian,Katlyn,Chookagian,,2.0,6.0,1.0,,2.0,6.0,4.4411764705882355,,4.0,8.0,6.4411764705882355,,4.0,8.0,3.0
Keita Nakamura,Keita,Nakamura,,1.0,1.0,0.0,,1.0,1.0,2.2941176470588234,,3.0,3.0,4.294117647058823,,3.0,3.0,2.0
Keith Berish,Keith,Berish,,0.0,0.0,1.0,,0.0,0.0,4.4411764705882355,,2.0,2.0,6.4411764705882355,,2.0,2.0,3.0
Kelly Faszholz,Kelly,Faszholz,,2.0,,,,2.0,,,,4.0,,,,4.0,,
Kelvin Gastelum,Kelvin,Gastelum,1.0,3.0,8.0,1.0,3.9510869565217384,3.0,8.0,4.4411764705882355,5.951086956521738,5.0,10.0,6.4411764705882355,3.0,5.0,10.0,3.0
Kenan Song,Kenan,Song,,,,0.0,,,,2.2941176470588234,,,,4.294117647058823,,,,2.0
Kenny Robertson,Kenny,Robertson,,2.0,,,,2.0,,,,4.0,,,,4.0,,
Ketlen Vieira,Ketlen,Vieira,,0.0,6.0,1.0,,0.0,6.0,4.4411764705882355,,2.0,8.0,6.4411764705882355,,2.0,8.0,3.0
Kevin Casey,Kevin,Casey,0.0,3.0,,,0.0,3.0,,,1.9836956521739129,5.0,,,1.0,5.0,,
Kevin Lee,Kevin,Lee,,2.0,9.0,0.0,,2.0,9.0,2.2941176470588234,,4.0,11.0,4.294117647058823,,4.0,11.0,2.0
Kevin Luke -Cub- Swanson,Kevin Luke -Cub-,Swanson,,2.0,10.0,1.0,,2.0,10.0,4.4411764705882355,,4.0,12.0,6.4411764705882355,,4.0,12.0,3.0
Khabib Nurmagomedov,Khabib,Nurmagomedov,,7.0,9.0,2.0,,7.0,9.0,6.588235294117647,,9.0,11.0,8.588235294117647,,9.0,11.0,4.0
Khalil Rountree,Khalil,Rountree,,1.0,5.0,,,1.0,5.0,,,3.0,7.0,,,3.0,7.0,
Kiichi Kunimoto,Kiichi,Kunimoto,,0.0,0.0,,,0.0,0.0,,,1.0,2.0,,,1.0,2.0,
Krzysztof Jotko,Krzysztof,Jotko,,1.0,5.0,2.0,,1.0,5.0,6.588235294117647,,3.0,7.0,8.588235294117647,,3.0,7.0,4.0
Kwan Ho Kwak,Kwan Ho,Kwak,,,1.0,,,,1.0,,,,3.0,,,,3.0,
Kyle Bochniak,Kyle,Bochniak,,0.0,1.0,1.0,,0.0,1.0,4.4411764705882355,,2.0,3.0,6.4411764705882355,,2.0,3.0,3.0
Kyle Noke,Kyle,Noke,0.0,1.0,0.0,,0.0,1.0,0.0,,1.9836956521739129,3.0,1.0,,1.0,3.0,1.0,
Kyoji Horiguchi,Kyoji,Horiguchi,0.0,3.0,0.0,,1.9673913043478257,3.0,0.0,,3.9673913043478257,5.0,1.0,,2.0,5.0,1.0,
Kyung Ho Kang,Kyung Ho,Kang,,0.0,1.0,1.0,,0.0,1.0,4.4411764705882355,,1.0,3.0,6.4411764705882355,,1.0,3.0,3.0
Landon Vannata,Landon,Vannata,,0.0,3.0,0.0,,0.0,3.0,0.1470588235294117,,2.0,5.0,2.1470588235294117,,2.0,5.0,1.0
Larissa Pacheco,Larissa,Pacheco,,0.0,,,,0.0,,,,1.0,,,,1.0,,
Lauren Mueller,Lauren,Mueller,,,,1.0,,,,4.4411764705882355,,,,6.4411764705882355,,,,3.0
Lauren Murphy,Lauren,Murphy,,0.0,3.0,3.0,,0.0,3.0,8.73529411764706,,2.0,5.0,10.73529411764706,,2.0,5.0,5.0
Leah Letson,Leah,Letson,,,,0.0,,,,2.2941176470588234,,,,4.294117647058823,,,,2.0
Leandro -Buscape- Silva,Leandro -Buscape-,Silva,,1.0,,,,1.0,,,,3.0,,,,3.0,,
Leandro Issa,Leandro,Issa,,0.0,,,,0.0,,,,1.0,,,,1.0,,
Leon Edwards,Leon,Edwards,,2.0,2.0,1.0,,2.0,2.0,4.4411764705882355,,4.0,4.0,6.4411764705882355,,4.0,4.0,3.0
Leonardo Guimaraes,Leonardo,Guimaraes,,1.0,,,,1.0,,,,3.0,,,,3.0,,
Leonardo Santos,Leonardo,Santos,,0.0,1.0,0.0,,0.0,1.0,2.2941176470588234,,1.0,3.0,4.294117647058823,,1.0,3.0,2.0
Leslie Smith,Leslie,Smith,,5.0,3.0,0.0,,5.0,3.0,0.1470588235294117,,7.0,5.0,2.1470588235294117,,7.0,5.0,1.0
Levan Makashvili,Levan,Makashvili,,0.0,,,,0.0,,,,1.0,,,,1.0,,
Li Jingliang,Li,Jingliang,,1.0,1.0,0.0,,1.0,1.0,2.2941176470588234,,3.0,3.0,4.294117647058823,,3.0,3.0,2.0
Lina Lansberg,Lina,Lansberg,,1.0,3.0,0.0,,1.0,3.0,2.2941176470588234,,3.0,5.0,4.294117647058823,,3.0,5.0,2.0
Liu Pingyuan,Liu,Pingyuan,,,,0.0,,,,0.1470588235294117,,,,2.1470588235294117,,,,1.0
Livia Renata dos Santos Souza,Livia,Renata dos Santos Souza,,,,0.0,,,,2.2941176470588234,,,,4.294117647058823,,,,2.0
Liz Carmouche,Liz,Carmouche,,2.0,8.0,3.0,,2.0,8.0,8.73529411764706,,4.0,10.0,10.73529411764706,,4.0,10.0,5.0
Lorenz Larkin,Lorenz,Larkin,0.0,3.0,0.0,,0.0,3.0,0.0,,1.9836956521739129,5.0,1.0,,1.0,5.0,1.0,
Louis Smolka,Louis,Smolka,0.0,2.0,4.0,0.0,0.0,2.0,4.0,0.1470588235294117,1.9836956521739129,4.0,6.0,2.1470588235294117,1.0,4.0,6.0,1.0
Luan Chagas,Luan,Chagas,,0.0,2.0,0.0,,0.0,2.0,2.2941176470588234,,2.0,4.0,4.294117647058823,,2.0,4.0,2.0
Lucas Martins,Lucas,Martins,,0.0,,,,0.0,,,,1.0,,,,1.0,,
Lucie Pudilova,Lucie,Pudilova,,,1.0,0.0,,,1.0,2.2941176470588234,,,3.0,4.294117647058823,,,3.0,2.0
Luis -KLB- Henrique,Luis -KLB-,Henrique,,3.0,3.0,0.0,,3.0,3.0,0.1470588235294117,,5.0,5.0,2.1470588235294117,,5.0,5.0,1.0
Luis Felipe Olivieri,Luis Felipe,Olivieri,,0.0,,,,0.0,,,,2.0,,,,2.0,,
Luiz -Frankenstein- Henrique da Silva,Luiz -Frankenstein-,Henrique da Silva,,0.0,1.0,,,0.0,1.0,,,2.0,3.0,,,2.0,3.0,
Lukasz Sajewski,Lukasz,Sajewski,,2.0,,,,2.0,,,,4.0,,,,4.0,,
Luke Jumeau,Luke,Jumeau,,,1.0,0.0,,,1.0,0.1470588235294117,,,3.0,2.1470588235294117,,,3.0,1.0
Luke Rockhold,Luke,Rockhold,4.0,4.0,2.0,0.0,9.902173913043477,4.0,2.0,2.2941176470588234,11.902173913043477,6.0,4.0,4.294117647058823,6.0,6.0,4.0,2.0
Luke Sanders,Luke,Sanders,,0.0,2.0,1.0,,0.0,2.0,4.4411764705882355,,2.0,4.0,6.4411764705882355,,2.0,4.0,3.0
Lyman Good,Lyman,Good,0.0,0.0,1.0,0.0,1.9673913043478257,0.0,1.0,0.1470588235294117,3.9673913043478257,1.0,3.0,2.1470588235294117,2.0,1.0,3.0,1.0
Lyoto Machida,Lyoto,Machida,,4.0,5.0,2.0,,4.0,5.0,6.588235294117647,,6.0,7.0,8.588235294117647,,6.0,7.0,4.0
Mackenzie Dern,Mackenzie,Dern,,,,1.0,,,,4.4411764705882355,,,,6.4411764705882355,,,,3.0
Mads Burnell,Mads,Burnell,,,0.0,0.0,,,0.0,2.2941176470588234,,,2.0,4.294117647058823,,,2.0,2.0
Magnus Cedenblad,Magnus,Cedenblad,,2.0,1.0,1.0,,2.0,1.0,4.4411764705882355,,4.0,3.0,6.4411764705882355,,4.0,3.0,3.0
Magomed Ankalaev,Magomed,Ankalaev,,,,0.0,,,,2.2941176470588234,,,,4.294117647058823,,,,2.0
Magomed Bibulatov,Magomed,Bibulatov,,,4.0,0.0,,,4.0,2.2941176470588234,,,6.0,4.294117647058823,,,6.0,2.0
Magomed Mustafaev,Magomed,Mustafaev,,1.0,0.0,0.0,,1.0,0.0,2.2941176470588234,,3.0,1.0,4.294117647058823,,3.0,1.0,2.0
Maia Stevenson,Maia,Stevenson,,,0.0,1.0,,,0.0,4.4411764705882355,,,1.0,6.4411764705882355,,,1.0,3.0
Mairbek Taisumov,Mairbek,Taisumov,,0.0,1.0,,,0.0,1.0,,,1.0,3.0,,,1.0,3.0,
Makwan Amirkhani,Makwan,Amirkhani,,0.0,0.0,0.0,,0.0,0.0,0.1470588235294117,,2.0,1.0,2.1470588235294117,,2.0,1.0,1.0
Manny Gamburyan,Manny,Gamburyan,,2.0,,,,2.0,,,,4.0,,,,4.0,,
Manuel Bermudez,Manuel,Bermudez,,,,1.0,,,,4.4411764705882355,,,,6.4411764705882355,,,,3.0
Marc Diakiese,Marc,Diakiese,,1.0,3.0,0.0,,1.0,3.0,2.2941176470588234,,3.0,5.0,4.294117647058823,,3.0,5.0,2.0
Marcel Fortuna,Marcel,Fortuna,,,1.0,0.0,,,1.0,0.1470588235294117,,,3.0,2.1470588235294117,,,3.0,1.0
Marcelo Golm de Oliveira,Marcelo,Golm de Oliveira,,,0.0,0.0,,,0.0,2.2941176470588234,,,1.0,4.294117647058823,,,1.0,2.0
Marcelo Guimaraes,Marcelo,Guimaraes,,0.0,0.0,0.0,,0.0,0.0,2.2941176470588234,,2.0,2.0,4.294117647058823,,2.0,2.0,2.0
Marcin Held,Marcin,Held,,0.0,3.0,0.0,,0.0,3.0,0.1470588235294117,,1.0,5.0,2.1470588235294117,,1.0,5.0,1.0
Marcin Prachnio,Marcin,Prachnio,,,,0.0,,,,2.2941176470588234,,,,4.294117647058823,,,,2.0
Marcin Tybura,Marcin,Tybura,,3.0,5.0,0.0,,3.0,5.0,2.2941176470588234,,5.0,7.0,4.294117647058823,,5.0,7.0,2.0
Marco Antonio Beltran,Marco Antonio,Beltran,,2.0,1.0,,,2.0,1.0,,,4.0,3.0,,,4.0,3.0,
Marcos Rogerio De Lima,Marcos Rogerio,De Lima,,1.0,2.0,0.0,,1.0,2.0,0.1470588235294117,,3.0,4.0,2.1470588235294117,,3.0,4.0,1.0
Mariachiara Borella,Mariachiara,Borella,,,,1.0,,,,4.4411764705882355,,,,6.4411764705882355,,,,3.0
Marion Reneau,Marion,Reneau,,6.0,7.0,1.0,,6.0,7.0,4.4411764705882355,,8.0,9.0,6.4411764705882355,,8.0,9.0,3.0
Mark Anthony De La Rosa,Mark,Anthony De La Rosa,,,,1.0,,,,4.4411764705882355,,,,6.4411764705882355,,,,3.0
Mark Godbeer,Mark,Godbeer,,0.0,3.0,0.0,,0.0,3.0,2.2941176470588234,,2.0,5.0,4.294117647058823,,2.0,5.0,2.0
Mark Hunt,Mark,Hunt,1.0,5.0,6.0,0.0,3.9510869565217384,5.0,6.0,0.1470588235294117,5.951086956521738,7.0,8.0,2.1470588235294117,3.0,7.0,8.0,1.0
Markus Perez Echeimberg,Markus,Perez Echeimberg,,,,0.0,,,,2.2941176470588234,,,,4.294117647058823,,,,2.0
Marlon Moraes,Marlon,Moraes,,,8.0,2.0,,,8.0,6.588235294117647,,,10.0,8.588235294117647,,,10.0,4.0
Marlon Vera,Marlon,Vera,,1.0,4.0,0.0,,1.0,4.0,2.2941176470588234,,3.0,6.0,4.294117647058823,,3.0,6.0,2.0
Martin Bravo,Martin,Bravo,,,0.0,0.0,,,0.0,0.1470588235294117,,,2.0,2.1470588235294117,,,2.0,1.0
Martin Buschkamp,Martin,Buschkamp,,,1.0,0.0,,,1.0,2.2941176470588234,,,3.0,4.294117647058823,,,3.0,2.0
Marvin Vettori,Marvin,Vettori,,1.0,0.0,0.0,,1.0,0.0,0.1470588235294117,,3.0,2.0,2.1470588235294117,,3.0,2.0,1.0
Maryna Moroz,Maryna,Moroz,,1.0,6.0,2.0,,1.0,6.0,6.588235294117647,,3.0,8.0,8.588235294117647,,3.0,8.0,4.0
Masio Fullen,Masio,Fullen,,0.0,,,,0.0,,,,1.0,,,,1.0,,
Matheus Nicolau Pereira,Matheus,Nicolau Pereira,,2.0,1.0,0.0,,2.0,1.0,2.2941176470588234,,4.0,3.0,4.294117647058823,,4.0,3.0,2.0
Matt Dwyer,Matt,Dwyer,,0.0,,,,0.0,,,,1.0,,,,1.0,,
Matt Hobar,Matt,Hobar,,0.0,,,,0.0,,,,1.0,,,,1.0,,
Matt Lopez,Matt,Lopez,,2.0,5.0,0.0,,2.0,5.0,2.2941176470588234,,4.0,7.0,4.294117647058823,,4.0,7.0,2.0
Matt Mitrione,Matt,Mitrione,,0.0,,,,0.0,,,,2.0,,,,2.0,,
Matt Schnell,Matt,Schnell,,,4.0,0.0,,,4.0,2.2941176470588234,,,6.0,4.294117647058823,,,6.0,2.0
Matt Wiman,Matt,Wiman,,0.0,1.0,1.0,,0.0,1.0,4.4411764705882355,,2.0,3.0,6.4411764705882355,,2.0,3.0,3.0
Matthew Bessette,Matthew,Bessette,,,,1.0,,,,4.4411764705882355,,,,6.4411764705882355,,,,3.0
Matthew Brown,Matthew,Brown,,5.0,5.0,0.0,,5.0,5.0,2.2941176470588234,,7.0,7.0,4.294117647058823,,7.0,7.0,2.0
Matthew Frevola,Matthew,Frevola,,,0.0,0.0,,,0.0,2.2941176470588234,,,2.0,4.294117647058823,,,2.0,2.0
Mauricio Rua,Mauricio,Rua,,2.0,3.0,1.0,,2.0,3.0,4.4411764705882355,,4.0,5.0,6.4411764705882355,,4.0,5.0,3.0
Max Griffin,Max,Griffin,,1.0,2.0,0.0,,1.0,2.0,2.2941176470588234,,3.0,4.0,4.294117647058823,,3.0,4.0,2.0
Max Holloway,Max,Holloway,0.0,4.0,7.0,0.0,0.0,4.0,7.0,2.2941176470588234,1.9836956521739129,6.0,9.0,4.294117647058823,1.0,6.0,9.0,2.0
Maximo Blanco,Maximo,Blanco,,0.0,,,,0.0,,,,2.0,,,,2.0,,
Megan Anderson,Megan,Anderson,,,5.0,0.0,,,5.0,2.2941176470588234,,,7.0,4.294117647058823,,,7.0,2.0
Mehdi Bagdad,Mehdi,Bagdad,,0.0,,,,0.0,,,,1.0,,,,1.0,,
Melinda Fabian,Melinda,Fabian,,,0.0,0.0,,,0.0,2.2941176470588234,,,1.0,4.294117647058823,,,1.0,2.0
Merab Dvalishvili,Merab,Dvalishvili,,,0.0,0.0,,,0.0,2.2941176470588234,,,1.0,4.294117647058823,,,1.0,2.0
Michael Bisping,Michael,Bisping,,9.0,7.0,0.0,,9.0,7.0,0.1470588235294117,,11.0,9.0,2.1470588235294117,,11.0,9.0,1.0
Michael Chiesa,Michael,Chiesa,,3.0,9.0,1.0,,3.0,9.0,4.4411764705882355,,5.0,11.0,6.4411764705882355,,5.0,11.0,3.0
Michael Graves,Michael,Graves,,0.0,0.0,,,0.0,0.0,,,1.0,1.0,,,1.0,1.0,
Michael Jackson,Michael,Jackson,,0.0,,0.0,,0.0,,0.1470588235294117,,1.0,,2.1470588235294117,,1.0,,1.0
Michael Johnson,Michael,Johnson,2.0,7.0,7.0,1.0,5.934782608695651,7.0,7.0,4.4411764705882355,7.934782608695651,9.0,9.0,6.4411764705882355,4.0,9.0,9.0,3.0
Michael McBride,Michael,McBride,,,0.0,,,,0.0,,,,2.0,,,,2.0,
Michael McDonald,Michael,McDonald,,4.0,0.0,,,4.0,0.0,,,6.0,1.0,,,6.0,1.0,
Michael Rodriguez,Michael,Rodriguez,,,0.0,2.0,,,0.0,6.588235294117647,,,2.0,8.588235294117647,,,2.0,4.0
Michael Santiago,Michael,Santiago,,,0.0,0.0,,,0.0,2.2941176470588234,,,1.0,4.294117647058823,,,1.0,2.0
Michael Wilkinson,Michael,Wilkinson,,0.0,,,,0.0,,,,1.0,,,,1.0,,
Michal Oleksiejczuk,Michal,Oleksiejczuk,,,0.0,,,,0.0,,,,1.0,,,,1.0,
Michel Prazeres,Michel,Prazeres,0.0,0.0,5.0,0.0,0.0,0.0,5.0,2.2941176470588234,1.9836956521739129,2.0,7.0,4.294117647058823,1.0,2.0,7.0,2.0
Michel Quinones,Michel,Quinones,,,1.0,0.0,,,1.0,0.1470588235294117,,,3.0,2.1470588235294117,,,3.0,1.0
Michelle Waterson,Michelle,Waterson,0.0,5.0,8.0,1.0,0.0,5.0,8.0,4.4411764705882355,1.9836956521739129,7.0,10.0,6.4411764705882355,1.0,7.0,10.0,3.0
Michinori Tanaka,Michinori,Tanaka,,0.0,0.0,,,0.0,0.0,,,2.0,1.0,,,2.0,1.0,
Mickey Gall,Mickey,Gall,,2.0,1.0,1.0,,2.0,1.0,4.4411764705882355,,4.0,3.0,6.4411764705882355,,4.0,3.0,3.0
Miesha Tate,Miesha,Tate,,10.0,,,,10.0,,,,12.0,,,,12.0,,
Mike De La Torre,Mike,De La Torre,,2.0,0.0,,,2.0,0.0,,,4.0,1.0,,,4.0,1.0,
Mike Perry,Mike,Perry,,2.0,3.0,0.0,,2.0,3.0,2.2941176470588234,,4.0,5.0,4.294117647058823,,4.0,5.0,2.0
Mike Pyle,Mike,Pyle,,1.0,1.0,0.0,,1.0,1.0,0.1470588235294117,,3.0,3.0,2.1470588235294117,,3.0,3.0,1.0
Milana Dudieva,Milana,Dudieva,,0.0,,,,0.0,,,,1.0,,,,1.0,,
Mirko Filipovic,Mirko,Filipovic,0.0,,,,1.9673913043478257,,,,3.9673913043478257,,,,2.0,,,
Mirsad Bektic,Mirsad,Bektic,,3.0,6.0,1.0,,3.0,6.0,4.4411764705882355,,5.0,8.0,6.4411764705882355,,5.0,8.0,3.0
Misha Cirkunov,Misha,Cirkunov,,8.0,7.0,2.0,,8.0,7.0,6.588235294117647,,10.0,9.0,8.588235294117647,,10.0,9.0,4.0
Mitch Clarke,Mitch,Clarke,,0.0,1.0,,,0.0,1.0,,,1.0,3.0,,,1.0,3.0,
Mitch Gagnon,Mitch,Gagnon,,2.0,0.0,0.0,,2.0,0.0,2.2941176470588234,,4.0,2.0,4.294117647058823,,4.0,2.0,2.0
Mizuto Hirota,Mizuto,Hirota,,0.0,3.0,0.0,,0.0,3.0,0.1470588235294117,,2.0,5.0,2.1470588235294117,,2.0,5.0,1.0
Mohammad Nasrat Haqparast,Mohammad,Nasrat Haqparast,,,,0.0,,,,0.1470588235294117,,,,2.1470588235294117,,,,1.0
Molly McCann,Molly,McCann,,,,0.0,,,,0.1470588235294117,,,,2.1470588235294117,,,,1.0
Montana De La Rosa,Montana,De La Rosa,,,0.0,2.0,,,0.0,6.588235294117647,,,1.0,8.588235294117647,,,1.0,4.0
Muslim Salikhov,Muslim,Salikhov,,,0.0,1.0,,,0.0,4.4411764705882355,,,1.0,6.4411764705882355,,,1.0,3.0
Myles Jury,Myles,Jury,,0.0,4.0,1.0,,0.0,4.0,4.4411764705882355,,2.0,6.0,6.4411764705882355,,2.0,6.0,3.0
Nadia Kassem,Nadia,Kassem,,,0.0,0.0,,,0.0,2.2941176470588234,,,2.0,4.294117647058823,,,2.0,2.0
Nadim Narimani,Nadim,Narimani,,,,0.0,,,,2.2941176470588234,,,,4.294117647058823,,,,2.0
Naoki Inoue,Naoki,Inoue,,,2.0,0.0,,,2.0,2.2941176470588234,,,4.0,4.294117647058823,,,4.0,2.0
Nasrat Haqparast,Nasrat,Haqparast,,,,0.0,,,,0.1470588235294117,,,,2.1470588235294117,,,,1.0
Nate Diaz,Nate,Diaz,0.0,7.0,0.0,0.0,1.9673913043478257,7.0,0.0,0.1470588235294117,3.9673913043478257,9.0,2.0,2.1470588235294117,2.0,9.0,2.0,1.0
Nate Marquardt,Nate,Marquardt,0.0,10.0,6.0,,0.0,10.0,6.0,,1.9836956521739129,12.0,8.0,,1.0,12.0,8.0,
Nathan Coy,Nathan,Coy,,0.0,3.0,,,0.0,3.0,,,2.0,5.0,,,2.0,5.0,
Nathaniel Wood,Nathaniel,Wood,,,,0.0,,,,0.1470588235294117,,,,2.1470588235294117,,,,1.0
Neil Magny,Neil,Magny,1.0,4.0,8.0,1.0,3.9510869565217384,4.0,8.0,4.4411764705882355,5.951086956521738,6.0,10.0,6.4411764705882355,3.0,6.0,10.0,3.0
Neil Seery,Neil,Seery,,0.0,0.0,,,0.0,0.0,,,2.0,2.0,,,2.0,2.0,
Nicco Montano,Nicco,Montano,,,0.0,1.0,,,0.0,4.4411764705882355,,,2.0,6.4411764705882355,,,2.0,3.0
Nicholas Dalby,Nicholas,Dalby,0.0,,,,0.0,,,,1.9836956521739129,,,,1.0,,,
Nicholas Musoke,Nicholas,Musoke,,0.0,0.0,,,0.0,0.0,,,2.0,2.0,,,2.0,2.0,
Nick Diaz,Nick,Diaz,,0.0,,1.0,,0.0,,4.4411764705882355,,2.0,,6.4411764705882355,,2.0,,3.0
Nick Hein,Nick,Hein,,1.0,0.0,1.0,,1.0,0.0,4.4411764705882355,,3.0,2.0,6.4411764705882355,,3.0,2.0,3.0
Nick Roehrick,Nick,Roehrick,,,0.0,1.0,,,0.0,4.4411764705882355,,,2.0,6.4411764705882355,,,2.0,3.0
Nicolas Dalby,Nicolas,Dalby,,0.0,,,,0.0,,,,2.0,,,,2.0,,
Nik Lentz,Nik,Lentz,0.0,3.0,3.0,0.0,0.0,3.0,3.0,2.2941176470588234,1.9836956521739129,5.0,5.0,4.294117647058823,1.0,5.0,5.0,2.0
Nikita Krylov,Nikita,Krylov,,3.0,0.0,,,3.0,0.0,,,5.0,2.0,,,5.0,2.0,
Niko Price,Niko,Price,,0.0,2.0,0.0,,0.0,2.0,2.2941176470588234,,1.0,4.0,4.294117647058823,,1.0,4.0,2.0
Nina Ansaroff,Nina,Ansaroff,,0.0,2.0,1.0,,0.0,2.0,4.4411764705882355,,2.0,4.0,6.4411764705882355,,2.0,4.0,3.0
Ning Guangyou,Ning,Guangyou,,0.0,,,,0.0,,,,2.0,,,,2.0,,
Noad Lahat,Noad,Lahat,,0.0,,,,0.0,,,,1.0,,,,1.0,,
Nordine Taleb,Nordine,Taleb,,1.0,4.0,0.0,,1.0,4.0,0.1470588235294117,,3.0,6.0,2.1470588235294117,,3.0,6.0,1.0
Norifumi Yamamoto,Norifumi,Yamamoto,,,2.0,,,,2.0,,,,4.0,,,,4.0,
Norman Parke,Norman,Parke,0.0,,,,0.0,,,,1.9836956521739129,,,,1.0,,,
Oliver Enkamp,Oliver,Enkamp,,,1.0,0.0,,,1.0,2.2941176470588234,,,3.0,4.294117647058823,,,3.0,2.0
Olivier Aubin-Mercier,Olivier,Aubin-Mercier,,2.0,0.0,1.0,,2.0,0.0,4.4411764705882355,,4.0,2.0,6.4411764705882355,,4.0,2.0,3.0
Oluwale Bamgbose,Oluwale,Bamgbose,,1.0,2.0,,,1.0,2.0,,,3.0,4.0,,,3.0,4.0,
Omari Akhmedov,Omari,Akhmedov,0.0,3.0,0.0,0.0,0.0,3.0,0.0,0.1470588235294117,1.9836956521739129,5.0,2.0,2.1470588235294117,1.0,5.0,2.0,1.0
Oskar Piechota,Oskar,Piechota,,,0.0,0.0,,,0.0,0.1470588235294117,,,1.0,2.1470588235294117,,,1.0,1.0
Ovince Saint Preux,Ovince,Saint Preux,,6.0,10.0,3.0,,6.0,10.0,8.73529411764706,,8.0,12.0,10.73529411764706,,8.0,12.0,5.0
Paige VanZant,Paige,VanZant,1.0,2.0,8.0,1.0,3.9510869565217384,2.0,8.0,4.4411764705882355,5.951086956521738,4.0,10.0,6.4411764705882355,3.0,4.0,10.0,3.0
Pascal Krauss,Pascal,Krauss,,0.0,0.0,0.0,,0.0,0.0,2.2941176470588234,,2.0,1.0,4.294117647058823,,2.0,1.0,2.0
Patrick Cote,Patrick,Cote,,3.0,0.0,,,3.0,0.0,,,5.0,1.0,,,5.0,1.0,
Patrick Cummins,Patrick,Cummins,1.0,4.0,5.0,2.0,3.9510869565217384,4.0,5.0,6.588235294117647,5.951086956521738,6.0,7.0,8.588235294117647,3.0,6.0,7.0,4.0
Patrick Holohan,Patrick,Holohan,0.0,,,,0.0,,,,1.9836956521739129,,,,1.0,,,
Patrick Williams,Patrick,Williams,,0.0,2.0,0.0,,0.0,2.0,2.2941176470588234,,2.0,4.0,4.294117647058823,,2.0,4.0,2.0
Paul Craig,Paul,Craig,,0.0,3.0,0.0,,0.0,3.0,2.2941176470588234,,2.0,5.0,4.294117647058823,,2.0,5.0,2.0
Paul Felder,Paul,Felder,0.0,3.0,1.0,0.0,0.0,3.0,1.0,2.2941176470588234,1.9836956521739129,5.0,3.0,4.294117647058823,1.0,5.0,3.0,2.0
Paulo Borrachinha,Paulo,Borrachinha,,,1.0,,,,1.0,,,,3.0,,,,3.0,
Paulo Henrique Costa,Paulo,Henrique Costa,,,6.0,4.0,,,6.0,10.882352941176471,,,8.0,12.882352941176471,,,8.0,6.0
Pearl Gonzalez,Pearl,Gonzalez,,,3.0,,,,3.0,,,,5.0,,,,5.0,
Pedro Munhoz,Pedro,Munhoz,0.0,1.0,8.0,1.0,1.9673913043478257,1.0,8.0,4.4411764705882355,3.9673913043478257,3.0,10.0,6.4411764705882355,2.0,3.0,10.0,3.0
Peter Sobotta,Peter,Sobotta,,0.0,0.0,1.0,,0.0,0.0,4.4411764705882355,,1.0,2.0,6.4411764705882355,,1.0,2.0,3.0
Petr Yan,Petr,Yan,,,,0.0,,,,0.1470588235294117,,,,2.1470588235294117,,,,1.0
Phillip Brooks,Phillip,Brooks,,5.0,0.0,0.0,,5.0,0.0,2.2941176470588234,,7.0,2.0,4.294117647058823,,7.0,2.0,2.0
Phillipe Nover,Phillipe,Nover,,0.0,0.0,,,0.0,0.0,,,2.0,2.0,,,2.0,2.0,
Piotr Hallmann,Piotr,Hallmann,0.0,,,,1.9673913043478257,,,,3.9673913043478257,,,,2.0,,,
Poliana Botelho,Poliana,Botelho,,0.0,6.0,0.0,,0.0,6.0,2.2941176470588234,,1.0,8.0,4.294117647058823,,1.0,8.0,2.0
Polo Reyes,Polo,Reyes,,0.0,0.0,0.0,,0.0,0.0,0.1470588235294117,,2.0,1.0,2.1470588235294117,,2.0,1.0,1.0
Polyana Viana,Polyana,Viana,,,,0.0,,,,2.2941176470588234,,,,4.294117647058823,,,,2.0
Priscila Cachoeira Gomes da Silva,Priscila,Cachoeira Gomes da Silva,,,,0.0,,,,2.2941176470588234,,,,4.294117647058823,,,,2.0
Rachael Ostovich-Berdon,Rachael,Ostovich-Berdon,,,0.0,0.0,,,0.0,2.2941176470588234,,,1.0,4.294117647058823,,,1.0,2.0
Rafael Cavalcante,Rafael,Cavalcante,,1.0,,,,1.0,,,,3.0,,,,3.0,,
Rafael Dos Anjos,Rafael,Dos Anjos,4.0,9.0,9.0,4.0,9.902173913043477,9.0,9.0,10.882352941176471,11.902173913043477,11.0,11.0,12.882352941176471,6.0,11.0,11.0,6.0
Rafael Natal,Rafael,Natal,,3.0,0.0,,,3.0,0.0,,,5.0,1.0,,,5.0,1.0,
Ramazan Emeev,Ramazan,Emeev,,,0.0,1.0,,,0.0,4.4411764705882355,,,2.0,6.4411764705882355,,,2.0,3.0
Randa Markos,Randa,Markos,,2.0,6.0,1.0,,2.0,6.0,4.4411764705882355,,4.0,8.0,6.4411764705882355,,4.0,8.0,3.0
Randy Brown,Randy,Brown,,3.0,2.0,0.0,,3.0,2.0,2.2941176470588234,,5.0,4.0,4.294117647058823,,5.0,4.0,2.0
Rani Yahya,Rani,Yahya,,1.0,1.0,0.0,,1.0,1.0,2.2941176470588234,,3.0,3.0,4.294117647058823,,3.0,3.0,2.0
Raoni Mendonca Barcelos,Raoni,Mendonca Barcelos,,,,0.0,,,,2.2941176470588234,,,,4.294117647058823,,,,2.0
Raphael Assuncao,Raphael,Assuncao,,5.0,7.0,2.0,,5.0,7.0,6.588235294117647,,7.0,9.0,8.588235294117647,,7.0,9.0,4.0
Raquel Pennington,Raquel,Pennington,,4.0,9.0,2.0,,4.0,9.0,6.588235294117647,,6.0,11.0,8.588235294117647,,6.0,11.0,4.0
Rashad Coulter,Rashad,Coulter,,,1.0,0.0,,,1.0,2.2941176470588234,,,3.0,4.294117647058823,,,3.0,2.0
Rashad Evans,Rashad,Evans,0.0,6.0,1.0,9.0,1.9673913043478257,6.0,1.0,21.61764705882353,3.9673913043478257,8.0,3.0,23.61764705882353,2.0,8.0,3.0,11.0
Rashid Magomedov,Rashid,Magomedov,,0.0,0.0,,,0.0,0.0,,,2.0,1.0,,,2.0,1.0,
Ray Borg,Ray,Borg,,5.0,11.0,0.0,,5.0,11.0,2.2941176470588234,,7.0,13.0,4.294117647058823,,7.0,13.0,2.0
Reginaldo Vieira,Reginaldo,Vieira,,2.0,0.0,,,2.0,0.0,,,4.0,1.0,,,4.0,1.0,
Renan Barao,Renan,Barao,,2.0,2.0,0.0,,2.0,2.0,0.1470588235294117,,4.0,4.0,2.1470588235294117,,4.0,4.0,1.0
Renato Carneiro,Renato,Carneiro,,0.0,1.0,2.0,,0.0,1.0,6.588235294117647,,1.0,3.0,8.588235294117647,,1.0,3.0,4.0
Renato Moicano,Renato,Moicano,,,0.0,,,,0.0,,,,1.0,,,,1.0,
Reza Madadi,Reza,Madadi,0.0,2.0,3.0,,0.0,2.0,3.0,,1.9836956521739129,4.0,5.0,,1.0,4.0,5.0,
Ricardo Abreu,Ricardo,Abreu,,1.0,,,,1.0,,,,3.0,,,,3.0,,
Ricardo Lamas,Ricardo,Lamas,0.0,4.0,7.0,1.0,0.0,4.0,7.0,4.4411764705882355,1.9836956521739129,6.0,9.0,6.4411764705882355,1.0,6.0,9.0,3.0
Ricardo Lucas Ramos,Ricardo,Lucas Ramos,,,1.0,0.0,,,1.0,2.2941176470588234,,,3.0,4.294117647058823,,,3.0,2.0
Richard Walsh,Richard,Walsh,,0.0,,,,0.0,,,,2.0,,,,2.0,,
Rick Glenn,Rick,Glenn,,,5.0,0.0,,,5.0,0.1470588235294117,,,7.0,2.1470588235294117,,,7.0,1.0
Rick Story,Rick,Story,,3.0,0.0,,,3.0,0.0,,,5.0,1.0,,,5.0,1.0,
Ricky Rainey,Ricky,Rainey,,,,0.0,,,,2.2941176470588234,,,,4.294117647058823,,,,2.0
Ricky Simon,Ricky,Simon,,,,0.0,,,,0.1470588235294117,,,,2.1470588235294117,,,,1.0
Rin Nakai,Rin,Nakai,,0.0,,,,0.0,,,,1.0,,,,1.0,,
Roan Carneiro,Roan,Carneiro,0.0,5.0,0.0,,0.0,5.0,0.0,,1.9836956521739129,7.0,2.0,,1.0,7.0,2.0,
Roan Pereira,Roan,Pereira,,,0.0,,,,0.0,,,,1.0,,,,1.0,
Rob Font,Rob,Font,,3.0,7.0,0.0,,3.0,7.0,2.2941176470588234,,5.0,9.0,4.294117647058823,,5.0,9.0,2.0
Rob Wilkinson,Rob,Wilkinson,,,0.0,0.0,,,0.0,2.2941176470588234,,,2.0,4.294117647058823,,,2.0,2.0
Robbie Lawler,Robbie,Lawler,2.0,8.0,9.0,1.0,5.934782608695651,8.0,9.0,4.4411764705882355,7.934782608695651,10.0,11.0,6.4411764705882355,4.0,10.0,11.0,3.0
Robert Whiteford,Robert,Whiteford,,0.0,,,,0.0,,,,2.0,,,,2.0,,
Robert Whittaker,Robert,Whittaker,0.0,3.0,8.0,2.0,1.9673913043478257,3.0,8.0,6.588235294117647,3.9673913043478257,5.0,10.0,8.588235294117647,2.0,5.0,10.0,4.0
Roberto Sanchez,Roberto,Sanchez,,,0.0,0.0,,,0.0,2.2941176470588234,,,2.0,4.294117647058823,,,2.0,2.0
Rolando Gabriel Dy,Rolando,Gabriel Dy,,,0.0,0.0,,,0.0,0.1470588235294117,,,2.0,2.1470588235294117,,,2.0,1.0
Ronaldo Jacare Souza,Ronaldo Jacare,Souza,3.0,3.0,7.0,3.0,7.9184782608695645,3.0,7.0,8.73529411764706,9.918478260869565,5.0,9.0,10.73529411764706,5.0,5.0,9.0,5.0
Ronda Rousey,Ronda,Rousey,6.0,7.0,,,13.869565217391303,7.0,,,15.869565217391303,9.0,,,8.0,9.0,,
Rony Jason,Rony,Jason,,,0.0,,,,0.0,,,,1.0,,,,1.0,
Rony Mariano Bezerra,Rony,Mariano Bezerra,,0.0,0.0,,,0.0,0.0,,,1.0,2.0,,,1.0,2.0,
Rory MacDonald,Rory,MacDonald,,5.0,,,,5.0,,,,7.0,,,,7.0,,
Rose Namajunas,Rose,Namajunas,0.0,4.0,10.0,2.0,1.9673913043478257,4.0,10.0,6.588235294117647,3.9673913043478257,6.0,12.0,8.588235294117647,2.0,6.0,12.0,4.0
Ross Pearson,Ross,Pearson,0.0,3.0,0.0,0.0,0.0,3.0,0.0,2.2941176470588234,1.9836956521739129,5.0,2.0,4.294117647058823,1.0,5.0,2.0,2.0
Roxanne Modafferi,Roxanne,Modafferi,,,0.0,0.0,,,0.0,2.2941176470588234,,,2.0,4.294117647058823,,,2.0,2.0
Roy Nelson,Roy,Nelson,0.0,6.0,0.0,,0.0,6.0,0.0,,1.9836956521739129,8.0,1.0,,1.0,8.0,1.0,
Ruslan Magomedov,Ruslan,Magomedov,0.0,2.0,,0.0,0.0,2.0,,0.1470588235294117,1.9836956521739129,4.0,,2.1470588235294117,1.0,4.0,,1.0
Russell Doane,Russell,Doane,,1.0,2.0,0.0,,1.0,2.0,2.2941176470588234,,3.0,4.0,4.294117647058823,,3.0,4.0,2.0
Rustam Khabilov,Rustam,Khabilov,,2.0,0.0,,,2.0,0.0,,,4.0,2.0,,,4.0,2.0,
Ryan Bader,Ryan,Bader,2.0,4.0,,,5.934782608695651,4.0,,,7.934782608695651,6.0,,,4.0,6.0,,
Ryan Benoit,Ryan,Benoit,,0.0,4.0,0.0,,0.0,4.0,2.2941176470588234,,2.0,6.0,4.294117647058823,,2.0,6.0,2.0
Ryan Hall,Ryan,Hall,,1.0,0.0,0.0,,1.0,0.0,2.2941176470588234,,3.0,2.0,4.294117647058823,,3.0,2.0,2.0
Ryan Janes,Ryan,Janes,,1.0,3.0,0.0,,1.0,3.0,0.1470588235294117,,3.0,5.0,2.1470588235294117,,3.0,5.0,1.0
Ryan LaFlare,Ryan,LaFlare,,0.0,6.0,0.0,,0.0,6.0,0.1470588235294117,,1.0,8.0,2.1470588235294117,,1.0,8.0,1.0
Sabah Homasi,Sabah,Homasi,,1.0,1.0,0.0,,1.0,1.0,2.2941176470588234,,3.0,3.0,4.294117647058823,,3.0,3.0,2.0
Sage Northcutt,Sage,Northcutt,1.0,3.0,4.0,0.0,3.9510869565217384,3.0,4.0,2.2941176470588234,5.951086956521738,5.0,6.0,4.294117647058823,3.0,5.0,6.0,2.0
Said Nurmagomedov,Said,Nurmagomedov,,,,0.0,,,,2.2941176470588234,,,,4.294117647058823,,,,2.0
Salim Damian Touahri,Salim,Damian Touahri,,,,0.0,,,,2.2941176470588234,,,,4.294117647058823,,,,2.0
Sam Alvey,Sam,Alvey,,3.0,5.0,0.0,,3.0,5.0,2.2941176470588234,,5.0,7.0,4.294117647058823,,5.0,7.0,2.0
Sam Sicilia,Sam,Sicilia,,3.0,0.0,,,3.0,0.0,,,5.0,1.0,,,5.0,1.0,
Santiago Ponzinibbio,Santiago,Ponzinibbio,0.0,0.0,9.0,0.0,1.9673913043478257,0.0,9.0,2.2941176470588234,3.9673913043478257,2.0,11.0,4.294117647058823,2.0,2.0,11.0,2.0
Saparbeg Safarov,Saparbeg,Safarov,,,1.0,0.0,,,1.0,0.1470588235294117,,,3.0,2.1470588235294117,,,3.0,1.0
Sara McMann,Sara,McMann,,4.0,8.0,2.0,,4.0,8.0,6.588235294117647,,6.0,10.0,8.588235294117647,,6.0,10.0,4.0
Sarah Moras,Sarah,Moras,,0.0,0.0,0.0,,0.0,0.0,2.2941176470588234,,2.0,2.0,4.294117647058823,,2.0,2.0,2.0
Scott Askham,Scott,Askham,,0.0,0.0,,,0.0,0.0,,,2.0,2.0,,,2.0,2.0,
Scott Holtzman,Scott,Holtzman,,2.0,2.0,0.0,,2.0,2.0,0.1470588235294117,,4.0,4.0,2.1470588235294117,,4.0,4.0,1.0
Sean O'Connell,Sean,O'Connell,,1.0,,,,1.0,,,,3.0,,,,3.0,,
Sean O'Malley,Sean,O'Malley,,,0.0,0.0,,,0.0,2.2941176470588234,,,2.0,4.294117647058823,,,2.0,2.0
Sean Spencer,Sean,Spencer,,0.0,,,,0.0,,,,2.0,,,,2.0,,
Sean Strickland,Sean,Strickland,,1.0,2.0,1.0,,1.0,2.0,4.4411764705882355,,3.0,4.0,6.4411764705882355,,3.0,4.0,3.0
Seo Hee Ham,Seo Hee,Ham,,1.0,,,,1.0,,,,3.0,,,,3.0,,
Sergio Moraes,Sergio,Moraes,,0.0,3.0,1.0,,0.0,3.0,4.4411764705882355,,2.0,5.0,6.4411764705882355,,2.0,5.0,3.0
Sergio Pettis,Sergio,Pettis,,5.0,9.0,1.0,,5.0,9.0,4.4411764705882355,,7.0,11.0,6.4411764705882355,,7.0,11.0,3.0
Shamil Abdurakhimov,Shamil,Abdurakhimov,,4.0,0.0,,,4.0,0.0,,,6.0,1.0,,,6.0,1.0,
Shana Dobson,Shana,Dobson,,,0.0,1.0,,,0.0,4.4411764705882355,,,1.0,6.4411764705882355,,,1.0,3.0
Shane Burgos,Shane,Burgos,,,4.0,0.0,,,4.0,2.2941176470588234,,,6.0,4.294117647058823,,,6.0,2.0
Shane Campbell,Shane,Campbell,,1.0,,,,1.0,,,,3.0,,,,3.0,,
Shane Young,Shane,Young,,,,0.0,,,,0.1470588235294117,,,,2.1470588235294117,,,,1.0
Shawn Jordan,Shawn,Jordan,0.0,,,,0.0,,,,1.9836956521739129,,,,1.0,,,
Sheldon Westcott,Sheldon,Westcott,,0.0,0.0,0.0,,0.0,0.0,2.2941176470588234,,2.0,2.0,4.294117647058823,,2.0,2.0,2.0
Sheymon Da Silva Moraes,Sheymon,Da Silva Moraes,,,0.0,0.0,,,0.0,0.1470588235294117,,,1.0,2.1470588235294117,,,1.0,1.0
Shinsho Anzai,Shinsho,Anzai,,0.0,1.0,0.0,,0.0,1.0,2.2941176470588234,,1.0,3.0,4.294117647058823,,1.0,3.0,2.0
Sijara Eubanks,Sijara,Eubanks,,,,3.0,,,,8.73529411764706,,,,10.73529411764706,,,,5.0
Siyar Bahadurzada,Siyar,Bahadurzada,,4.0,0.0,0.0,,4.0,0.0,2.2941176470588234,,6.0,2.0,4.294117647058823,,6.0,2.0,2.0
Song Yadong,Song,Yadong,,,,0.0,,,,2.2941176470588234,,,,4.294117647058823,,,,2.0
Stefan Struve,Stefan,Struve,0.0,1.0,6.0,0.0,1.9673913043478257,1.0,6.0,0.1470588235294117,3.9673913043478257,3.0,8.0,2.1470588235294117,2.0,3.0,8.0,1.0
Stephen Thompson,Stephen,Thompson,,10.0,9.0,2.0,,10.0,9.0,6.588235294117647,,12.0,11.0,8.588235294117647,,12.0,11.0,4.0
Steve Bosse,Steve,Bosse,,0.0,1.0,,,0.0,1.0,,,2.0,3.0,,,2.0,3.0,
Steven Peterson,Steven,Peterson,,,,1.0,,,,4.4411764705882355,,,,6.4411764705882355,,,,3.0
Stevie Ray,Stevie,Ray,,1.0,0.0,1.0,,1.0,0.0,4.4411764705882355,,3.0,2.0,6.4411764705882355,,3.0,2.0,3.0
Stipe Miocic,Stipe,Miocic,0.0,9.0,10.0,2.0,1.9673913043478257,9.0,10.0,6.588235294117647,3.9673913043478257,11.0,12.0,8.588235294117647,2.0,11.0,12.0,4.0
Sultan Aliev,Sultan,Aliev,,0.0,0.0,0.0,,0.0,0.0,2.2941176470588234,,1.0,2.0,4.294117647058823,,1.0,2.0,2.0
Syuri Kondo,Syuri,Kondo,,,1.0,0.0,,,1.0,0.1470588235294117,,,3.0,2.1470588235294117,,,3.0,1.0
TJ Dillashaw,TJ,Dillashaw,0.0,7.0,12.0,3.0,0.0,7.0,12.0,8.73529411764706,1.9836956521739129,9.0,14.0,10.73529411764706,1.0,9.0,14.0,5.0
Tae Hyun Bang,Tae Hyun,Bang,,0.0,0.0,,,0.0,0.0,,,1.0,1.0,,,1.0,1.0,
Tai Tuivasa,Tai,Tuivasa,,,0.0,0.0,,,0.0,2.2941176470588234,,,2.0,4.294117647058823,,,2.0,2.0
Takanori Gomi,Takanori,Gomi,,0.0,2.0,,,0.0,2.0,,,1.0,4.0,,,1.0,4.0,
Takeya Mizugaki,Takeya,Mizugaki,0.0,1.0,,,0.0,1.0,,,1.9836956521739129,3.0,,,1.0,3.0,,
Talita de Oliveira Neves Bernardo,Talita,de Oliveira Neves Bernardo,,,0.0,0.0,,,0.0,2.2941176470588234,,,1.0,4.294117647058823,,,1.0,2.0
Tamdan McCrory,Tamdan,McCrory,0.0,1.0,,,0.0,1.0,,,1.9836956521739129,3.0,,,1.0,3.0,,
Tarec Saffiedine,Tarec,Saffiedine,,2.0,6.0,0.0,,2.0,6.0,2.2941176470588234,,4.0,8.0,4.294117647058823,,4.0,8.0,2.0
Tatiana Padilla Suarez,Tatiana,Padilla Suarez,,0.0,2.0,0.0,,0.0,2.0,2.2941176470588234,,2.0,4.0,4.294117647058823,,2.0,4.0,2.0
Tatsuya Kawajiri,Tatsuya,Kawajiri,,1.0,,,,1.0,,,,3.0,,,,3.0,,
Taylor Lapilus,Taylor,Lapilus,,0.0,,,,0.0,,,,2.0,,,,2.0,,
Tecia Torres,Tecia,Torres,0.0,6.0,12.0,1.0,1.9673913043478257,6.0,12.0,4.4411764705882355,3.9673913043478257,8.0,14.0,6.4411764705882355,2.0,8.0,14.0,3.0
Teemu Packalen,Teemu,Packalen,,0.0,0.0,0.0,,0.0,0.0,0.1470588235294117,,2.0,2.0,2.1470588235294117,,2.0,2.0,1.0
Terrion Ware,Terrion,Ware,,,0.0,0.0,,,0.0,0.1470588235294117,,,2.0,2.1470588235294117,,,2.0,1.0
Teruto Ishihara,Teruto,Ishihara,,2.0,0.0,1.0,,2.0,0.0,4.4411764705882355,,4.0,2.0,6.4411764705882355,,4.0,2.0,3.0
Thales Leites,Thales,Leites,,1.0,9.0,0.0,,1.0,9.0,0.1470588235294117,,3.0,11.0,2.1470588235294117,,3.0,11.0,1.0
Thiago Alves,Thiago,Alves,3.0,4.0,4.0,0.0,7.9184782608695645,4.0,4.0,2.2941176470588234,9.918478260869565,6.0,6.0,4.294117647058823,5.0,6.0,6.0,2.0
Thiago De Lima Santos,Thiago,De Lima Santos,0.0,3.0,2.0,1.0,0.0,3.0,2.0,4.4411764705882355,1.9836956521739129,5.0,4.0,6.4411764705882355,1.0,5.0,4.0,3.0
Thiago Tavares,Thiago,Tavares,1.0,0.0,,,3.9510869565217384,0.0,,,5.951086956521738,1.0,,,3.0,1.0,,
Thibault Gouti,Thibault,Gouti,,2.0,1.0,0.0,,2.0,1.0,2.2941176470588234,,4.0,3.0,4.294117647058823,,4.0,3.0,2.0
Thomas Almeida,Thomas,Almeida,,3.0,5.0,2.0,,3.0,5.0,6.588235294117647,,5.0,7.0,8.588235294117647,,5.0,7.0,4.0
Tiago Dos Santos E Silva,Tiago,Dos Santos E Silva,,0.0,,,,0.0,,,,2.0,,,,2.0,,
Tim Boetsch,Tim,Boetsch,,3.0,3.0,0.0,,3.0,3.0,0.1470588235294117,,5.0,5.0,2.1470588235294117,,5.0,5.0,1.0
Tim Elliott,Tim,Elliott,,0.0,5.0,0.0,,0.0,5.0,2.2941176470588234,,2.0,7.0,4.294117647058823,,2.0,7.0,2.0
Tim Johnson,Tim,Johnson,,0.0,7.0,0.0,,0.0,7.0,0.1470588235294117,,1.0,9.0,2.1470588235294117,,1.0,9.0,1.0
Tim Kennedy,Tim,Kennedy,,7.0,,,,7.0,,,,9.0,,,,9.0,,
Tim Means,Tim,Means,,6.0,3.0,1.0,,6.0,3.0,4.4411764705882355,,8.0,5.0,6.4411764705882355,,8.0,5.0,3.0
Tim Williams,Tim,Williams,,,1.0,0.0,,,1.0,2.2941176470588234,,,3.0,4.294117647058823,,,3.0,2.0
Tina Lahdemaki Hanninen,Tina,Lahdemaki Hanninen,,0.0,1.0,,,0.0,1.0,,,2.0,3.0,,,2.0,3.0,
Todd Duffee,Todd,Duffee,2.0,,4.0,0.0,5.934782608695651,,4.0,2.2941176470588234,7.934782608695651,,6.0,4.294117647058823,4.0,,6.0,2.0
Tom Breese,Tom,Breese,0.0,1.0,1.0,0.0,0.0,1.0,1.0,2.2941176470588234,1.9836956521739129,3.0,3.0,4.294117647058823,1.0,3.0,3.0,2.0
Tom Duquesnoy,Tom,Duquesnoy,,,1.0,0.0,,,1.0,0.1470588235294117,,,3.0,2.1470588235294117,,,3.0,1.0
Tom Gallicchio,Tom,Gallicchio,,,0.0,,,,0.0,,,,1.0,,,,1.0,
Tom Lawlor,Tom,Lawlor,,0.0,1.0,0.0,,0.0,1.0,0.1470588235294117,,2.0,3.0,2.1470588235294117,,2.0,3.0,1.0
Tony Ferguson,Tony,Ferguson,0.0,6.0,9.0,2.0,1.9673913043478257,6.0,9.0,6.588235294117647,3.9673913043478257,8.0,11.0,8.588235294117647,2.0,8.0,11.0,4.0
Tony Martin,Tony,Martin,,1.0,1.0,1.0,,1.0,1.0,4.4411764705882355,,3.0,3.0,6.4411764705882355,,3.0,3.0,3.0
Tony Sims,Tony,Sims,0.0,,,,0.0,,,,1.9836956521739129,,,,1.0,,,
Tonya Evinger,Tonya,Evinger,,,3.0,0.0,,,3.0,2.2941176470588234,,,5.0,4.294117647058823,,,5.0,2.0
Travis Browne,Travis,Browne,0.0,7.0,6.0,0.0,0.0,7.0,6.0,0.1470588235294117,1.9836956521739129,9.0,8.0,2.1470588235294117,1.0,9.0,8.0,1.0
Trevin Giles,Trevin,Giles,,,0.0,0.0,,,0.0,2.2941176470588234,,,2.0,4.294117647058823,,,2.0,2.0
Trevor Allan Smith,Trevor Allan,Smith,,1.0,0.0,1.0,,1.0,0.0,4.4411764705882355,,3.0,2.0,6.4411764705882355,,3.0,2.0,3.0
Tyron Woodley,Tyron,Woodley,0.0,10.0,6.0,4.0,0.0,10.0,6.0,10.882352941176471,1.9836956521739129,12.0,8.0,12.882352941176471,1.0,12.0,8.0,6.0
Tyson Pedro,Tyson,Pedro,,,5.0,0.0,,,5.0,2.2941176470588234,,,7.0,4.294117647058823,,,7.0,2.0
Uriah Hall,Uriah,Hall,1.0,5.0,7.0,2.0,3.9510869565217384,5.0,7.0,6.588235294117647,5.951086956521738,7.0,9.0,8.588235294117647,3.0,7.0,9.0,4.0
Urijah Faber,Urijah,Faber,0.0,8.0,1.0,0.0,1.9673913043478257,8.0,1.0,0.1470588235294117,3.9673913043478257,10.0,3.0,2.1470588235294117,2.0,10.0,3.0,1.0
Valentina Shevchenko,Valentina,Shevchenko,,5.0,10.0,1.0,,5.0,10.0,4.4411764705882355,,7.0,12.0,6.4411764705882355,,7.0,12.0,3.0
Valerie Letourneau,Valerie,Letourneau,0.0,6.0,0.0,,0.0,6.0,0.0,,1.9836956521739129,8.0,1.0,,1.0,8.0,1.0,
Valmir Lazaro,Valmir,Lazaro,0.0,,,,0.0,,,,1.9836956521739129,,,,1.0,,,
Veronica Macedo,Veronica,Macedo,,,1.0,0.0,,,1.0,2.2941176470588234,,,3.0,4.294117647058823,,,3.0,2.0
Vicente Luque,Vicente,Luque,,3.0,2.0,0.0,,3.0,2.0,2.2941176470588234,,5.0,4.0,4.294117647058823,,5.0,4.0,2.0
Viktor Pesta,Viktor,Pesta,,1.0,0.0,,,1.0,0.0,,,3.0,1.0,,,3.0,1.0,
Vinc Pichel,Vinc,Pichel,,0.0,1.0,0.0,,0.0,1.0,2.2941176470588234,,2.0,3.0,4.294117647058823,,2.0,3.0,2.0
Viscardi Andrade,Viscardi,Andrade,,1.0,,,,1.0,,,,3.0,,,,3.0,,
Vitor Belfort,Vitor,Belfort,4.0,9.0,11.0,1.0,9.902173913043477,9.0,11.0,4.4411764705882355,11.902173913043477,11.0,13.0,6.4411764705882355,6.0,11.0,13.0,3.0
Vitor Miranda,Vitor,Miranda,,1.0,2.0,0.0,,1.0,2.0,0.1470588235294117,,3.0,4.0,2.1470588235294117,,3.0,4.0,1.0
Viviane Pereira,Viviane,Pereira,,0.0,0.0,0.0,,0.0,0.0,2.2941176470588234,,2.0,2.0,4.294117647058823,,2.0,2.0,2.0
Volkan Oezdemir,Volkan,Oezdemir,,,7.0,1.0,,,7.0,4.4411764705882355,,,9.0,6.4411764705882355,,,9.0,3.0
Von Kurt Holobaugh Jr.,Von Kurt,Holobaugh Jr.,,,0.0,0.0,,,0.0,2.2941176470588234,,,1.0,4.294117647058823,,,1.0,2.0
Walt Harris,Walt,Harris,,2.0,1.0,0.0,,2.0,1.0,2.2941176470588234,,4.0,3.0,4.294117647058823,,4.0,3.0,2.0
Warlley Alves,Warlley,Alves,,2.0,0.0,1.0,,2.0,0.0,4.4411764705882355,,4.0,2.0,6.4411764705882355,,4.0,2.0,3.0
Warlley De Andrade,Warlley,De Andrade,0.0,,,,0.0,,,,1.9836956521739129,,,,1.0,,,
Will Brooks,Will,Brooks,,5.0,3.0,0.0,,5.0,3.0,0.1470588235294117,,7.0,5.0,2.1470588235294117,,7.0,5.0,1.0
Willie Gates,Willie,Gates,,0.0,,,,0.0,,,,1.0,,,,1.0,,
Wilson Reis,Wilson,Reis,,5.0,10.0,1.0,,5.0,10.0,4.4411764705882355,,7.0,12.0,6.4411764705882355,,7.0,12.0,3.0
Wuliji Buren,Wuliji,Buren,,,,0.0,,,,0.1470588235294117,,,,2.1470588235294117,,,,1.0
Yair Rodriguez,Yair,Rodriguez,,6.0,7.0,0.0,,6.0,7.0,0.1470588235294117,,8.0,9.0,2.1470588235294117,,8.0,9.0,1.0
Yan Cabral,Yan,Cabral,,0.0,,,,0.0,,,,1.0,,,,1.0,,
Yan Xiaonan,Yan,Xiaonan,,,0.0,0.0,,,0.0,2.2941176470588234,,,1.0,4.294117647058823,,,1.0,2.0
Yana Kunitskaya,Yana,Kunitskaya,,,,3.0,,,,8.73529411764706,,,,10.73529411764706,,,,5.0
Yanan Wu,Yanan,Wu,,,0.0,0.0,,,0.0,0.1470588235294117,,,1.0,2.1470588235294117,,,1.0,1.0
Yancy Medeiros,Yancy,Medeiros,,1.0,4.0,1.0,,1.0,4.0,4.4411764705882355,,3.0,6.0,6.4411764705882355,,3.0,6.0,3.0
Yao Zhikui,Yao,Zhikui,,0.0,,,,0.0,,,,2.0,,,,2.0,,
Yaotzin Meza,Yaotzin,Meza,,0.0,,,,0.0,,,,1.0,,,,1.0,,
Yaozong Hu,Yaozong,Hu,,,,0.0,,,,2.2941176470588234,,,,4.294117647058823,,,,2.0
Yoel Romero,Yoel,Romero,4.0,9.0,9.0,8.0,9.902173913043477,9.0,9.0,19.47058823529412,11.902173913043477,11.0,11.0,21.47058823529412,6.0,11.0,11.0,10.0
Yoshihiro Akiyama,Yoshihiro,Akiyama,,0.0,1.0,,,0.0,1.0,,,1.0,3.0,,,1.0,3.0,
Yushin Okami,Yushin,Okami,,,0.0,0.0,,,0.0,0.1470588235294117,,,1.0,2.1470588235294117,,,1.0,1.0
Yusuke Kasuya,Yusuke,Kasuya,,0.0,,,,0.0,,,,2.0,,,,2.0,,
Yuta Sasaki,Yuta,Sasaki,,0.0,1.0,1.0,,0.0,1.0,4.4411764705882355,,2.0,3.0,6.4411764705882355,,2.0,3.0,3.0
Zabit Magomedsharipov,Zabit,Magomedsharipov,,,0.0,1.0,,,0.0,4.4411764705882355,,,2.0,6.4411764705882355,,,2.0,3.0
Zach Makovsky,Zach,Makovsky,,5.0,0.0,,,5.0,0.0,,,7.0,1.0,,,7.0,1.0,
Zachary Ottow,Zachary,Ottow,,0.0,2.0,0.0,,0.0,2.0,2.2941176470588234,,1.0,4.0,4.294117647058823,,1.0,4.0,2.0
Zak Cummings,Zak,Cummings,,1.0,0.0,0.0,,1.0,0.0,2.2941176470588234,,3.0,2.0,4.294117647058823,,3.0,2.0,2.0
Zubaira Tukhugov,Zubaira,Tukhugov,,2.0,,0.0,,2.0,,2.2941176470588234,,4.0,,4.294117647058823,,4.0,,2.0
